Titulo;Empresa;Formato;Link;Nivel
Jovem Aprendiz de Dados ;Avla;Híbrido;https://avla.gupy.io/job/eyJqb2JJZCI6MTA5MzM3NzYsInNvdXJjZSI6Imd1cHlfcG9ydGFsIn0=?jobBoardSource=gupy_portal;Não Informado
Cientista de Dados Sênior;3CON | IT & Digital;Remoto;https://trescon.gupy.io/job/eyJqb2JJZCI6MTA5MjQzODEsInNvdXJjZSI6Imd1cHlfcG9ydGFsIn0=?jobBoardSource=gupy_portal;Sênior
ESPECIALISTA DE DADOS - SÃO PAULO, SP;Alper Carreiras;Híbrido;https://alpercarreiras.gupy.io/job/eyJqb2JJZCI6MTA4NzI0NjgsInNvdXJjZSI6Imd1cHlfcG9ydGFsIn0=?jobBoardSource=gupy_portal;Não Informado
Engenheiro(a) de Dados - Sênior;VENHA SER #SANGUELARANJA 🧡🚀;Remoto;https://fcamara.gupy.io/job/eyJqb2JJZCI6MTA5Mjg3NzQsInNvdXJjZSI6Imd1cHlfcG9ydGFsIn0=?jobBoardSource=gupy_portal;Sênior
Pessoa Estagiária de Dados ;WPP Media Services;Híbrido;https://wms.gupy.io/job/eyJqb2JJZCI6MTA4OTkwOTcsInNvdXJjZSI6Imd1cHlfcG9ydGFsIn0=?jobBoardSource=gupy_portal;Não Informado
ANALISTA DE DADOS PL;Automob;Presencial;https://automob.gupy.io/job/eyJqb2JJZCI6MTA5MDcwMTAsInNvdXJjZSI6Imd1cHlfcG9ydGFsIn0=?jobBoardSource=gupy_portal;Pleno
Especialista em Dados e Analytics ;Ux Group;Presencial;https://uxgroup.gupy.io/job/eyJqb2JJZCI6MTA5MDkwMjQsInNvdXJjZSI6Imd1cHlfcG9ydGFsIn0=?jobBoardSource=gupy_portal;Não Informado
Pessoa Analista de Dados / Cloud;Instituto de Pesquisas ELDORADO;Híbrido;https://institutoeldorado.gupy.io/job/eyJqb2JJZCI6MTA4OTA3MDUsInNvdXJjZSI6Imd1cHlfcG9ydGFsIn0=?jobBoardSource=gupy_portal;Não Informado
Analista de Dados / BI;Instituto de Pesquisas ELDORADO;Híbrido;https://institutoeldorado.gupy.io/job/eyJqb2JJZCI6MTA4OTA3NTEsInNvdXJjZSI6Imd1cHlfcG9ydGFsIn0=?jobBoardSource=gupy_portal;Não Informado
Analista de Dados Júnior;Farmácias Pague Menos;Híbrido;https://paguemenosextrafarma.gupy.io/job/eyJqb2JJZCI6MTA5MzEzNDAsInNvdXJjZSI6Imd1cHlfcG9ydGFsIn0=?jobBoardSource=gupy_portal;Não Informado
Engenheiro de Dados SR;Grupo SysMap;Remoto;https://gruposysmap.gupy.io/job/eyJqb2JJZCI6MTA5MjgxNzMsInNvdXJjZSI6Imd1cHlfcG9ydGFsIn0=?jobBoardSource=gupy_portal;Sênior
Gerente de Dados (Engenharia, Ciência e Analytics);Efí Bank;Remoto;https://sejaefi.gupy.io/job/eyJqb2JJZCI6MTAyNzcwMjksInNvdXJjZSI6Imd1cHlfcG9ydGFsIn0=?jobBoardSource=gupy_portal;Não Informado
Analista de Dados e Migração de Sistemas;Celk Sistemas;Remoto;https://celksistemas.gupy.io/job/eyJqb2JJZCI6MTA5Mjg1ODMsInNvdXJjZSI6Imd1cHlfcG9ydGFsIn0=?jobBoardSource=gupy_portal;Não Informado
Estágio de Governança de Dados ;Lojas Renner;Híbrido;https://encantech.gupy.io/job/eyJqb2JJZCI6MTA5MzA5NzUsInNvdXJjZSI6Imd1cHlfcG9ydGFsIn0=?jobBoardSource=gupy_portal;Não Informado
Engenheiro de Dados – Sênior;Casar.com;Remoto;https://casarcom.gupy.io/job/eyJqb2JJZCI6MTA5MzA4NjYsInNvdXJjZSI6Imd1cHlfcG9ydGFsIn0=?jobBoardSource=gupy_portal;Sênior
Especialista de Governança de Dados ;3CON | IT & Digital;Híbrido;https://trescon.gupy.io/job/eyJqb2JJZCI6MTA5MjkzNTcsInNvdXJjZSI6Imd1cHlfcG9ydGFsIn0=?jobBoardSource=gupy_portal;Não Informado
Engenheiro de Dados Sênior;3CON | IT & Digital;Híbrido;https://trescon.gupy.io/job/eyJqb2JJZCI6MTA5MjkyMjAsInNvdXJjZSI6Imd1cHlfcG9ydGFsIn0=?jobBoardSource=gupy_portal;Sênior
Estágio em Ciência de Dados;SiDi;Presencial;https://sidi.gupy.io/job/eyJqb2JJZCI6MTA5Mjk3MjYsInNvdXJjZSI6Imd1cHlfcG9ydGFsIn0=?jobBoardSource=gupy_portal;Não Informado
Banco de Talentos - Cientista de Dados Pleno – Foco em PLN;LBCA - Lee, Brock, Camargo Advogados;Remoto;https://lbca.gupy.io/job/eyJqb2JJZCI6MTA5Mjk1NjksInNvdXJjZSI6Imd1cHlfcG9ydGFsIn0=?jobBoardSource=gupy_portal;Pleno
 Analista de BI / Dados (Agência de Publicidade);confidencial;Presencial;https://confidencial-vag.gupy.io/job/eyJqb2JJZCI6MTA5Mjk0NzMsInNvdXJjZSI6Imd1cHlfcG9ydGFsIn0=?jobBoardSource=gupy_portal;Não Informado
Analista de Dados - Poços de Caldas ;Grupo Vila Nova;Presencial;https://vilanova.gupy.io/job/eyJqb2JJZCI6MTA5MjQ0NzcsInNvdXJjZSI6Imd1cHlfcG9ydGFsIn0=?jobBoardSource=gupy_portal;Não Informado
ANALISTA DE BANCO DE DADOS PL - Híbrido;Vagas Inmetrics;Híbrido;https://inmetrics.gupy.io/job/eyJqb2JJZCI6MTA5MjM3NTMsInNvdXJjZSI6Imd1cHlfcG9ydGFsIn0=?jobBoardSource=gupy_portal;Pleno
Analista de Dados de IA;Daikin Brasil ;Híbrido;https://daikinbrasil.gupy.io/job/eyJqb2JJZCI6MTA4NzM1MTYsInNvdXJjZSI6Imd1cHlfcG9ydGFsIn0=?jobBoardSource=gupy_portal;Não Informado
Cientista de Dados Sênior (4559);Keep Simple;Remoto;https://keepsimple.gupy.io/job/eyJqb2JJZCI6MTA5MjQ2NTcsInNvdXJjZSI6Imd1cHlfcG9ydGFsIn0=?jobBoardSource=gupy_portal;Sênior
Analista de Dados Pleno;VOLL;Híbrido;https://voll.gupy.io/job/eyJqb2JJZCI6MTA4ODk5MjMsInNvdXJjZSI6Imd1cHlfcG9ydGFsIn0=?jobBoardSource=gupy_portal;Pleno
Analista de Dados Sênior;VOLL;Remoto;https://voll.gupy.io/job/eyJqb2JJZCI6MTA4OTg1MzAsInNvdXJjZSI6Imd1cHlfcG9ydGFsIn0=?jobBoardSource=gupy_portal;Sênior
Estagiário em Dados | Pessoas e Cultura ;QCA;Híbrido;https://qca.gupy.io/job/eyJqb2JJZCI6MTA5Mjc5NjgsInNvdXJjZSI6Imd1cHlfcG9ydGFsIn0=?jobBoardSource=gupy_portal;Não Informado
Especialista em Ciência de Dados;PagBank;Híbrido;https://pagseguro.gupy.io/job/eyJqb2JJZCI6MTA4Nzg3MzMsInNvdXJjZSI6Imd1cHlfcG9ydGFsIn0=?jobBoardSource=gupy_portal;Não Informado
ANALISTA DE DADOS PLENO ;Grupo Ri Happy;Híbrido;https://gruporihappy.gupy.io/job/eyJqb2JJZCI6MTA5Mjc3OTAsInNvdXJjZSI6Imd1cHlfcG9ydGFsIn0=?jobBoardSource=gupy_portal;Pleno
ANALISTA DE DADOS JÚNIOR | BELO HORIZONTE/MG ;Localiza&Co;Híbrido;https://localiza.gupy.io/job/eyJqb2JJZCI6MTA4ODc1MzksInNvdXJjZSI6Imd1cHlfcG9ydGFsIn0=?jobBoardSource=gupy_portal;Não Informado
Cientista de Dados Senior;VENHA SER #SANGUELARANJA 🧡🚀;Remoto;https://fcamara.gupy.io/job/eyJqb2JJZCI6MTA5MjQ4OTYsInNvdXJjZSI6Imd1cHlfcG9ydGFsIn0=?jobBoardSource=gupy_portal;Sênior
Engenheiro de Dados Pleno (Remota) ;Extractta;Remoto;https://extractta.gupy.io/job/eyJqb2JJZCI6MTA5MjU3MzksInNvdXJjZSI6Imd1cHlfcG9ydGFsIn0=?jobBoardSource=gupy_portal;Pleno
Estagiário de Governança de Dados;SPC Brasil;Híbrido;https://spcbrasil.gupy.io/job/eyJqb2JJZCI6MTA4MDk1MDksInNvdXJjZSI6Imd1cHlfcG9ydGFsIn0=?jobBoardSource=gupy_portal;Não Informado
Estagiário(a) em Dados e Inteligência Comercial;https://www.linkedin.com/company/avantiatecnologiaeseguranca/mycompany/;Híbrido;https://avantia.gupy.io/job/eyJqb2JJZCI6MTA5MjM3NDAsInNvdXJjZSI6Imd1cHlfcG9ydGFsIn0=?jobBoardSource=gupy_portal;Não Informado
ANALISTA DE DADOS CADASTRAIS SÊNIOR | BELO HORIZONTE/MG ;Localiza&Co;Híbrido;https://localiza.gupy.io/job/eyJqb2JJZCI6MTA4OTQ2MDcsInNvdXJjZSI6Imd1cHlfcG9ydGFsIn0=?jobBoardSource=gupy_portal;Sênior
Analista de CRM SR (Dados - Inteligência do Cliente) - Cencosud - São Paulo/ SP;Cencosud Brasil;Presencial;https://cencosudbrasil.gupy.io/job/eyJqb2JJZCI6MTA5MTE4NjksInNvdXJjZSI6Imd1cHlfcG9ydGFsIn0=?jobBoardSource=gupy_portal;Sênior
ENGENHEIRO DE DADOS;Globalweb;Híbrido;https://sejaglobalweb.gupy.io/job/eyJqb2JJZCI6MTA3MjQzNDYsInNvdXJjZSI6Imd1cHlfcG9ydGFsIn0=?jobBoardSource=gupy_portal;Não Informado
Analista de HSE (Foco em Dados e Indicadores);Evoltz Participações S.A;Híbrido;https://evoltz.gupy.io/job/eyJqb2JJZCI6MTA5MjMxMjAsInNvdXJjZSI6Imd1cHlfcG9ydGFsIn0=?jobBoardSource=gupy_portal;Não Informado
ASSISTENTE ADMINISTRATIVO -  ANÁLISE DE DADOS (VAGA AFIRMATIVA PCD);Unimed Nacional;Híbrido;https://unimednacional.gupy.io/job/eyJqb2JJZCI6MTA5MjMxMzgsInNvdXJjZSI6Imd1cHlfcG9ydGFsIn0=?jobBoardSource=gupy_portal;Não Informado
Cientista de Dados – Sênior;VENHA SER #SANGUELARANJA 🧡🚀;Presencial;https://fcamara.gupy.io/job/eyJqb2JJZCI6MTA5MTYxNjEsInNvdXJjZSI6Imd1cHlfcG9ydGFsIn0=?jobBoardSource=gupy_portal;Sênior
FINDES - Analista de Estudos e Pesquisas SR | Analista de Dados Sênior (com foco em BI e Analytics);FINDES;Presencial;https://findes.gupy.io/job/eyJqb2JJZCI6MTA4ODA1OTQsInNvdXJjZSI6Imd1cHlfcG9ydGFsIn0=?jobBoardSource=gupy_portal;Sênior
Analista de Dados   ;Gradus;Presencial;https://gradus.gupy.io/job/eyJqb2JJZCI6MTA5MjIwOTIsInNvdXJjZSI6Imd1cHlfcG9ydGFsIn0=?jobBoardSource=gupy_portal;Não Informado
Vindi | Líder Técnico de Dados | Modelagem de Crédito | Híbrido;LWSA;Híbrido;https://lwsa.gupy.io/job/eyJqb2JJZCI6MTA4NzY2NTYsInNvdXJjZSI6Imd1cHlfcG9ydGFsIn0=?jobBoardSource=gupy_portal;Não Informado
Analista Administrativo Comercial de Dados Júnior  ;Afya ;Híbrido;https://afya.gupy.io/job/eyJqb2JJZCI6MTA5MDgwMzIsInNvdXJjZSI6Imd1cHlfcG9ydGFsIn0=?jobBoardSource=gupy_portal;Não Informado
Pessoa Cientista de Dados Pleno;Akross;Remoto;https://akross.gupy.io/job/eyJqb2JJZCI6MTA5MjE1NzgsInNvdXJjZSI6Imd1cHlfcG9ydGFsIn0=?jobBoardSource=gupy_portal;Pleno
Atendimento ao Cliente para Coleta de Dados - Anápolis Sul;Montreal | Tecnologia e Inovação;Presencial;https://montreal.gupy.io/job/eyJqb2JJZCI6MTA5MjE1MDksInNvdXJjZSI6Imd1cHlfcG9ydGFsIn0=?jobBoardSource=gupy_portal;Não Informado
Analista de Planejamento Financeiro Pleno (Gestão de Dados);Baterias Moura;Híbrido;https://redemoura.gupy.io/job/eyJqb2JJZCI6MTA4OTcwNTksInNvdXJjZSI6Imd1cHlfcG9ydGFsIn0=?jobBoardSource=gupy_portal;Pleno
Analista de Informações Gerenciais Júnior (atuação no hub de dados/tecnologia);Grupo MAG;Híbrido;https://grupomag.gupy.io/job/eyJqb2JJZCI6MTA4NzgyNDgsInNvdXJjZSI6Imd1cHlfcG9ydGFsIn0=?jobBoardSource=gupy_portal;Não Informado
Estágio em Dados;Programa Estagiar Grendene;Presencial;https://programaestagiargrendene.gupy.io/job/eyJqb2JJZCI6MTA4OTQ2ODEsInNvdXJjZSI6Imd1cHlfcG9ydGFsIn0=?jobBoardSource=gupy_portal;Não Informado
Especialista de Dados | Finanças;Raízen ;Presencial;https://genteraizen.gupy.io/job/eyJqb2JJZCI6MTA4Nzg4OTQsInNvdXJjZSI6Imd1cHlfcG9ydGFsIn0=?jobBoardSource=gupy_portal;Não Informado
Analista de Dados;vezzilapolla.legal;Híbrido;https://vlmadv.gupy.io/job/eyJqb2JJZCI6MTA5MTczNTEsInNvdXJjZSI6Imd1cHlfcG9ydGFsIn0=?jobBoardSource=gupy_portal;Não Informado
Data Domain Analista III - (Diretoria de Dados) ;Grupo Boticário;Remoto;https://grupoboticario.gupy.io/job/eyJqb2JJZCI6MTA5MDU2MDQsInNvdXJjZSI6Imd1cHlfcG9ydGFsIn0=?jobBoardSource=gupy_portal;Não Informado
Analista de Dados Junior;Privalia;Presencial;https://privalia.gupy.io/job/eyJqb2JJZCI6MTA5MDM3NzEsInNvdXJjZSI6Imd1cHlfcG9ydGFsIn0=?jobBoardSource=gupy_portal;Júnior
Jovem Aprendiz - Analista de Dados ;Construtora Stanza;Presencial;https://stanza.gupy.io/job/eyJqb2JJZCI6MTA5MTY1MjksInNvdXJjZSI6Imd1cHlfcG9ydGFsIn0=?jobBoardSource=gupy_portal;Não Informado
2026-009 Administradora/Administrador de Banco de Dados SR (Foco em PostgreSQL e Linux);Atech ;Presencial;https://atech.gupy.io/job/eyJqb2JJZCI6MTA5MTYyNDAsInNvdXJjZSI6Imd1cHlfcG9ydGFsIn0=?jobBoardSource=gupy_portal;Sênior
Analista Júnior de Dados - SP;Mattos Filho;Híbrido;https://mattosfilho.gupy.io/job/eyJqb2JJZCI6MTA4MTEzOTIsInNvdXJjZSI6Imd1cHlfcG9ydGFsIn0=?jobBoardSource=gupy_portal;Não Informado
Analista de Dados; Sigma Gerenciamento de Projetos;Presencial;https://sigma-gp.gupy.io/job/eyJqb2JJZCI6MTA5MTU0NjEsInNvdXJjZSI6Imd1cHlfcG9ydGFsIn0=?jobBoardSource=gupy_portal;Não Informado
ADMINISTRADOR DE BANCO DE DADOS PLENO;Confidencial430;Presencial;https://paginaconfidencial430.gupy.io/job/eyJqb2JJZCI6MTA4NTk1NjYsInNvdXJjZSI6Imd1cHlfcG9ydGFsIn0=?jobBoardSource=gupy_portal;Pleno
Tech Lead Dados - Databricks;Gauge;Híbrido;https://gaugecarreiras.gupy.io/job/eyJqb2JJZCI6MTA5MTQzODAsInNvdXJjZSI6Imd1cHlfcG9ydGFsIn0=?jobBoardSource=gupy_portal;Não Informado
Analista de Inteligência de Dados Sr;Jequiti Cosméticos;Presencial;https://jequiti.gupy.io/job/eyJqb2JJZCI6MTA5MTM4NTQsInNvdXJjZSI6Imd1cHlfcG9ydGFsIn0=?jobBoardSource=gupy_portal;Sênior
Engenheiro de Dados Sênior;BIP Brasil;Remoto;https://vemprabip.gupy.io/job/eyJqb2JJZCI6MTA5MDY3MzcsInNvdXJjZSI6Imd1cHlfcG9ydGFsIn0=?jobBoardSource=gupy_portal;Sênior
Analista de Dados Júnior - Help Franchising;Banco Bmg;Híbrido;https://bmg.gupy.io/job/eyJqb2JJZCI6MTA2NjI3MjAsInNvdXJjZSI6Imd1cHlfcG9ydGFsIn0=?jobBoardSource=gupy_portal;Não Informado
Analista de Controle de Dados III;Saque e Pague;Presencial;https://saqueepague.gupy.io/job/eyJqb2JJZCI6MTA5MTM0NTAsInNvdXJjZSI6Imd1cHlfcG9ydGFsIn0=?jobBoardSource=gupy_portal;Não Informado
Cientista de dados (Foco em gestão do conhecimento);Embraer;Presencial;https://embraer.gupy.io/job/eyJqb2JJZCI6MTA5MTMzMDgsInNvdXJjZSI6Imd1cHlfcG9ydGFsIn0=?jobBoardSource=gupy_portal;Não Informado
Gerente de Dados;Valid;Híbrido;https://validcarreiras-tecnologia.gupy.io/job/eyJqb2JJZCI6MTA5MTE1MjQsInNvdXJjZSI6Imd1cHlfcG9ydGFsIn0=?jobBoardSource=gupy_portal;Não Informado
ENGENHEIRO DE DADOS SR;Flamengo;Presencial;https://flamengo.gupy.io/job/eyJqb2JJZCI6MTA2NTc3NzEsInNvdXJjZSI6Imd1cHlfcG9ydGFsIn0=?jobBoardSource=gupy_portal;Sênior
Analista de Dados Sênior  ;SoftDesign;Remoto;https://softdesign.gupy.io/job/eyJqb2JJZCI6MTA5MTE1NDQsInNvdXJjZSI6Imd1cHlfcG9ydGFsIn0=?jobBoardSource=gupy_portal;Sênior
Analista de Testes SR (QA) - Foco em Dados;Gauge;Híbrido;https://gaugecarreiras.gupy.io/job/eyJqb2JJZCI6MTA5MTE4MDIsInNvdXJjZSI6Imd1cHlfcG9ydGFsIn0=?jobBoardSource=gupy_portal;Sênior
Gerente de Análise de Dados ;Afya ;Híbrido;https://afya.gupy.io/job/eyJqb2JJZCI6MTA5MDk5NzEsInNvdXJjZSI6Imd1cHlfcG9ydGFsIn0=?jobBoardSource=gupy_portal;Não Informado
Analista de Dados Senior - AMD GSC (Automotive Global Support Centre);ipsosbrasil;Híbrido;https://ipsosbrasil.gupy.io/job/eyJqb2JJZCI6MTA5MDk0MzUsInNvdXJjZSI6Imd1cHlfcG9ydGFsIn0=?jobBoardSource=gupy_portal;Sênior
CAS | Analista de Dados PL - Compliance e Controles Internos ;Sicredi;Híbrido;https://sicredi.gupy.io/job/eyJqb2JJZCI6MTA3OTA3MDUsInNvdXJjZSI6Imd1cHlfcG9ydGFsIn0=?jobBoardSource=gupy_portal;Pleno
ESPECIALISTA DE DADOS;Qualicorp;Remoto;https://carreirasquali.gupy.io/job/eyJqb2JJZCI6MTA3MDU4MDksInNvdXJjZSI6Imd1cHlfcG9ydGFsIn0=?jobBoardSource=gupy_portal;Não Informado
ANALISTA DE DADOS PARA SOLUÇÕES PREVENTIVAS - JÚNIOR | BELO HORIZONTE/MG ;Localiza&Co;Híbrido;https://localiza.gupy.io/job/eyJqb2JJZCI6MTA3ODkxNDQsInNvdXJjZSI6Imd1cHlfcG9ydGFsIn0=?jobBoardSource=gupy_portal;Não Informado
Especialista Adm Banco de Dados ;Vem Pra Vivo;Híbrido;https://vivo.gupy.io/job/eyJqb2JJZCI6MTA5MDEyMTUsInNvdXJjZSI6Imd1cHlfcG9ydGFsIn0=?jobBoardSource=gupy_portal;Não Informado
 Analista de Dados Junior;Minsait an Indra Company;Híbrido;https://minsait.gupy.io/job/eyJqb2JJZCI6MTA4ODYyMzYsInNvdXJjZSI6Imd1cHlfcG9ydGFsIn0=?jobBoardSource=gupy_portal;Júnior
Analista de Dados;Gertec Brasil;Presencial;https://gertec.gupy.io/job/eyJqb2JJZCI6MTA3NTUwNTAsInNvdXJjZSI6Imd1cHlfcG9ydGFsIn0=?jobBoardSource=gupy_portal;Não Informado
ESPECIALISTA DE ENGENHARIA DE DADOS I - Híbrido;Vagas Inmetrics;Híbrido;https://inmetrics.gupy.io/job/eyJqb2JJZCI6MTA5MDY0NTksInNvdXJjZSI6Imd1cHlfcG9ydGFsIn0=?jobBoardSource=gupy_portal;Não Informado
0102/2026 - Analista de Dados e Produção SR (GERÊNCIA DE ESTRATÉGIA E DESEMPENHO - CUIABÁ/MT);Sistema Fiemt | Fiemt, Sesi MT, Senai MT e IEL MT;Presencial;https://sistemafiemt.gupy.io/job/eyJqb2JJZCI6MTA4NzgwMDIsInNvdXJjZSI6Imd1cHlfcG9ydGFsIn0=?jobBoardSource=gupy_portal;Sênior
Analista de Ciencia de Dados Senior lll ;Ingram Micro;Híbrido;https://brlink.gupy.io/job/eyJqb2JJZCI6MTA5MDgwODYsInNvdXJjZSI6Imd1cHlfcG9ydGFsIn0=?jobBoardSource=gupy_portal;Sênior
Engenheiro de Dados SR (Analytics Engineer);UOL EdTech;Híbrido;https://uoledtech.gupy.io/job/eyJqb2JJZCI6MTA4NTU3MDYsInNvdXJjZSI6Imd1cHlfcG9ydGFsIn0=?jobBoardSource=gupy_portal;Sênior
Cientista de Dados Pleno (Prevenção a Fraudes);Bemobi;Remoto;https://bemobi.gupy.io/job/eyJqb2JJZCI6MTA4ODMyNjIsInNvdXJjZSI6Imd1cHlfcG9ydGFsIn0=?jobBoardSource=gupy_portal;Pleno
Cientista de Dados Pleno com foco em Risco de Crédito ;BIP Brasil;Remoto;https://vemprabip.gupy.io/job/eyJqb2JJZCI6MTA5MDQxNjIsInNvdXJjZSI6Imd1cHlfcG9ydGFsIn0=?jobBoardSource=gupy_portal;Pleno
Cientista de Dados Sênior com foco em Risco de Crédito ;BIP Brasil;Remoto;https://vemprabip.gupy.io/job/eyJqb2JJZCI6MTA5MDQyMDAsInNvdXJjZSI6Imd1cHlfcG9ydGFsIn0=?jobBoardSource=gupy_portal;Sênior
Estagiário de Dados Leiria;Hospital de Olhos Leiria de Andrade;Presencial;https://leiriadeandrade.gupy.io/job/eyJqb2JJZCI6MTA5MDU3NzUsInNvdXJjZSI6Imd1cHlfcG9ydGFsIn0=?jobBoardSource=gupy_portal;Não Informado
Analista de Dados Junior - Segmento de Call Center;Home Agent;Remoto;https://homeagent.gupy.io/job/eyJqb2JJZCI6MTA4NDUyNjAsInNvdXJjZSI6Imd1cHlfcG9ydGFsIn0=?jobBoardSource=gupy_portal;Júnior
CIENTISTA DE DADOS JUNIOR;Mundiale;Híbrido;https://mundiale.gupy.io/job/eyJqb2JJZCI6MTA5MDUxMjUsInNvdXJjZSI6Imd1cHlfcG9ydGFsIn0=?jobBoardSource=gupy_portal;Júnior
PESSOA ENGENHEIRA DE DADOS SR;Cogna Educação;Remoto;https://cogna.gupy.io/job/eyJqb2JJZCI6MTA4Nzg1ODMsInNvdXJjZSI6Imd1cHlfcG9ydGFsIn0=?jobBoardSource=gupy_portal;Sênior
Vagas Interna e Externa - Analista de BI  e  Assistente de Dados e BI - Sede Administrativa - Medianeira/PR  ;Sicredi;Presencial;https://sicredi.gupy.io/job/eyJqb2JJZCI6MTA5MDQwNDYsInNvdXJjZSI6Imd1cHlfcG9ydGFsIn0=?jobBoardSource=gupy_portal;Não Informado
Analista de dados JR - ESG - afirmativa para pessoas com deficiência;Quem somos;Híbrido;https://abcbrasil.gupy.io/job/eyJqb2JJZCI6MTA4OTUxNjQsInNvdXJjZSI6Imd1cHlfcG9ydGFsIn0=?jobBoardSource=gupy_portal;Júnior
AZZAS 2154 / GRUPO SOMA | Assistente de Dados | Contábil | Exclusivo para Pessoas com Deficiência ;AZZAS 2154 / GRUPO SOMA;Híbrido;https://gruposoma.gupy.io/job/eyJqb2JJZCI6MTA5MDM4NDksInNvdXJjZSI6Imd1cHlfcG9ydGFsIn0=?jobBoardSource=gupy_portal;Não Informado
Analista de Dados - Sicredi das Culturas RS/MG - Sede Ijuí/RS;Sicredi;Presencial;https://sicredi.gupy.io/job/eyJqb2JJZCI6MTA5MDI3NjAsInNvdXJjZSI6Imd1cHlfcG9ydGFsIn0=?jobBoardSource=gupy_portal;Não Informado
Arquiteto(a) de Dados e Infraestrutura de TI;7LM;Híbrido;https://vemser7lm.gupy.io/job/eyJqb2JJZCI6MTA5MDI2NTQsInNvdXJjZSI6Imd1cHlfcG9ydGFsIn0=?jobBoardSource=gupy_portal;Não Informado
Aprendiz Tecnologia Operacional de Dados;Ajinomoto do Brasil;Presencial;https://ajinomotoabr.gupy.io/job/eyJqb2JJZCI6MTA4MjUwMjIsInNvdXJjZSI6Imd1cHlfcG9ydGFsIn0=?jobBoardSource=gupy_portal;Não Informado
Analista de Projeto Social Sênior (Foco em Banco de Dados) 🧡;Diagonal;Presencial;https://sejadiagonal.gupy.io/job/eyJqb2JJZCI6MTA5MDIyNjksInNvdXJjZSI6Imd1cHlfcG9ydGFsIn0=?jobBoardSource=gupy_portal;Sênior
 Arquiteto(a) de Dados - Consultor(a);Vivo Digital;Remoto;https://vivodigital.gupy.io/job/eyJqb2JJZCI6MTA4ODY2NzYsInNvdXJjZSI6Imd1cHlfcG9ydGFsIn0=?jobBoardSource=gupy_portal;Não Informado
Engenheiro de Dados Sênior;Híbrido;Remoto;https://hibrido.gupy.io/job/eyJqb2JJZCI6MTA5MDIyMjIsInNvdXJjZSI6Imd1cHlfcG9ydGFsIn0=?jobBoardSource=gupy_portal;Sênior
Analista de Dados ;Brisanet ;Remoto;https://brisanet.gupy.io/job/eyJqb2JJZCI6MTA4ODUyNzQsInNvdXJjZSI6Imd1cHlfcG9ydGFsIn0=?jobBoardSource=gupy_portal;Não Informado
Cientista de Dados Sênior;Porto;Presencial;https://porto.gupy.io/job/eyJqb2JJZCI6MTA5MDAyMDcsInNvdXJjZSI6Imd1cHlfcG9ydGFsIn0=?jobBoardSource=gupy_portal;Sênior
Analista de Dados Pleno/Sênior – Foco em Trade Marketing ;umauma;Presencial;https://umauma.gupy.io/job/eyJqb2JJZCI6MTA5MDA0MTcsInNvdXJjZSI6Imd1cHlfcG9ydGFsIn0=?jobBoardSource=gupy_portal;Pleno
Analista Comercial Senior (Dados);GRUPO MOAS ;Presencial;https://grupomoas.gupy.io/job/eyJqb2JJZCI6MTA4NzIxMDcsInNvdXJjZSI6Imd1cHlfcG9ydGFsIn0=?jobBoardSource=gupy_portal;Sênior
Cientista de Dados;OXXO Brasil | Grupo Nós ;Híbrido;https://oxxobrasil.gupy.io/job/eyJqb2JJZCI6MTA4NTA1NDcsInNvdXJjZSI6Imd1cHlfcG9ydGFsIn0=?jobBoardSource=gupy_portal;Não Informado
Cientista de Dados Junior;RD Saúde;Remoto;https://rdsaude-corporativo.gupy.io/job/eyJqb2JJZCI6MTA4OTkzNzMsInNvdXJjZSI6Imd1cHlfcG9ydGFsIn0=?jobBoardSource=gupy_portal;Júnior
Engenheiro de Dados PL / SR - Databricks;NCS;Híbrido;https://ncs.gupy.io/job/eyJqb2JJZCI6MTA4OTg2NjQsInNvdXJjZSI6Imd1cHlfcG9ydGFsIn0=?jobBoardSource=gupy_portal;Pleno
ASSISTENTE DE PROCESSAMENTO DE DADOS- CAMPOS DOS GOYTACAZES;Barcelos;Presencial;https://barcelos.gupy.io/job/eyJqb2JJZCI6MTA4NzA5NjksInNvdXJjZSI6Imd1cHlfcG9ydGFsIn0=?jobBoardSource=gupy_portal;Não Informado
Coordenador(a) de Performance e Dados - CSC;V.tal | o futuro passa por aqui;Híbrido;https://vtal.gupy.io/job/eyJqb2JJZCI6MTA4MDE3OTIsInNvdXJjZSI6Imd1cHlfcG9ydGFsIn0=?jobBoardSource=gupy_portal;Não Informado
Analista de Dados Pleno (Foco em Crédito);Corporativo Grupo Casas Bahia;Presencial;https://corporativogrupocasasbahia.gupy.io/job/eyJqb2JJZCI6MTA4OTcyNzYsInNvdXJjZSI6Imd1cHlfcG9ydGFsIn0=?jobBoardSource=gupy_portal;Pleno
ANALISTA DE DADOS JUNIOR - GOIÂNIA/GO ;Grupo Piracanjuba;Presencial;https://piracanjuba.gupy.io/job/eyJqb2JJZCI6MTA4OTc5OTQsInNvdXJjZSI6Imd1cHlfcG9ydGFsIn0=?jobBoardSource=gupy_portal;Júnior
Especialista de Inteligência de Dados Pleno;Privalia;Presencial;https://privalia.gupy.io/job/eyJqb2JJZCI6MTA3OTQ5NzEsInNvdXJjZSI6Imd1cHlfcG9ydGFsIn0=?jobBoardSource=gupy_portal;Pleno
Estágio em Análise de Dados;Pecege;Presencial;https://vempropecege.gupy.io/job/eyJqb2JJZCI6MTA4OTYxNjksInNvdXJjZSI6Imd1cHlfcG9ydGFsIn0=?jobBoardSource=gupy_portal;Não Informado
ASSISTENTE ADMINISTRATIVO -  ANÁLISE DE DADOS;Unimed Nacional;Híbrido;https://unimednacional.gupy.io/job/eyJqb2JJZCI6MTA4OTcwODMsInNvdXJjZSI6Imd1cHlfcG9ydGFsIn0=?jobBoardSource=gupy_portal;Não Informado
Analista de Dados (BI);Aliare;Híbrido;https://aliare.gupy.io/job/eyJqb2JJZCI6MTA4NjU3NjMsInNvdXJjZSI6Imd1cHlfcG9ydGFsIn0=?jobBoardSource=gupy_portal;Não Informado
Especialista de Dados e Insights (Zé Delivery) - SÃO PAULO/SP ;Ambev;Presencial;https://ambev.gupy.io/job/eyJqb2JJZCI6MTA4OTU0MjMsInNvdXJjZSI6Imd1cHlfcG9ydGFsIn0=?jobBoardSource=gupy_portal;Não Informado
Analista de Dados Sênior (Híbrido - BH) ;Novas oportunidades na Onfly!;Híbrido;https://onfly.gupy.io/job/eyJqb2JJZCI6MTA4OTUwNjksInNvdXJjZSI6Imd1cHlfcG9ydGFsIn0=?jobBoardSource=gupy_portal;Sênior
Analista de Dados Júnior;Pmweb;Remoto;https://pmweb.gupy.io/job/eyJqb2JJZCI6MTA4MzYxNzYsInNvdXJjZSI6Imd1cHlfcG9ydGFsIn0=?jobBoardSource=gupy_portal;Não Informado
Analista de Dados;Bellinati Perez;Presencial;https://bellinatiperez.gupy.io/job/eyJqb2JJZCI6MTA4OTQyMTYsInNvdXJjZSI6Imd1cHlfcG9ydGFsIn0=?jobBoardSource=gupy_portal;Não Informado
ESPECIALISTA DE DADOS;Movida Aluguel de Carros;Presencial;https://movida.gupy.io/job/eyJqb2JJZCI6MTA4NzA2ODcsInNvdXJjZSI6Imd1cHlfcG9ydGFsIn0=?jobBoardSource=gupy_portal;Não Informado
 ANALISTA DE DADOS E PROCESSOS PL - AFIRMATIVA PARA PESSOAS NEGRAS;Cogna Educação;Híbrido;https://cogna.gupy.io/job/eyJqb2JJZCI6MTA4ODI5MDEsInNvdXJjZSI6Imd1cHlfcG9ydGFsIn0=?jobBoardSource=gupy_portal;Pleno
ANALISTA DE PERFORMANCE SR (DADOS) | SÃO PAULO/SP;Localiza&Co;Híbrido;https://localiza.gupy.io/job/eyJqb2JJZCI6MTA4OTAyOTEsInNvdXJjZSI6Imd1cHlfcG9ydGFsIn0=?jobBoardSource=gupy_portal;Sênior
Atendimento ao Cliente para Coleta de Dados - Flores de Goiás;Montreal | Tecnologia e Inovação;Presencial;https://montreal.gupy.io/job/eyJqb2JJZCI6MTA4OTEzNDksInNvdXJjZSI6Imd1cHlfcG9ydGFsIn0=?jobBoardSource=gupy_portal;Não Informado
Pessoa Analista de Portfólio de Produtos e Manipulação de Dados Júnior;credsystem;Híbrido;https://credsystem.gupy.io/job/eyJqb2JJZCI6MTA4OTExNzEsInNvdXJjZSI6Imd1cHlfcG9ydGFsIn0=?jobBoardSource=gupy_portal;Não Informado
Atendimento ao Cliente para Coleta de Dados - Formosa;Montreal | Tecnologia e Inovação;Presencial;https://montreal.gupy.io/job/eyJqb2JJZCI6MTA4OTEyMDksInNvdXJjZSI6Imd1cHlfcG9ydGFsIn0=?jobBoardSource=gupy_portal;Não Informado
20006-Analista de Dados SR;Hitss Brasil;Híbrido;https://globalhitss.gupy.io/job/eyJqb2JJZCI6MTA1MTQyNzAsInNvdXJjZSI6Imd1cHlfcG9ydGFsIn0=?jobBoardSource=gupy_portal;Sênior
Analista de Dados e Performance ;Kumon Brasil;Híbrido;https://kumonbrasil.gupy.io/job/eyJqb2JJZCI6MTA4ODk0NzksInNvdXJjZSI6Imd1cHlfcG9ydGFsIn0=?jobBoardSource=gupy_portal;Não Informado
Engenheiro de Dados ;Benner;Híbrido;https://vemserbenner.gupy.io/job/eyJqb2JJZCI6MTA4NTQxMTIsInNvdXJjZSI6Imd1cHlfcG9ydGFsIn0=?jobBoardSource=gupy_portal;Não Informado
Especialista de CRM foco em Dados e IA (Cencosud) - São Paulo/ SP;Cencosud Brasil;Presencial;https://cencosudbrasil.gupy.io/job/eyJqb2JJZCI6MTA4NzY3NDMsInNvdXJjZSI6Imd1cHlfcG9ydGFsIn0=?jobBoardSource=gupy_portal;Não Informado
Engenheiro de Dados Sênior  Presencial SP - RHA0558;Spread Tecnologia;Presencial;https://spread.gupy.io/job/eyJqb2JJZCI6MTA4ODY0OTcsInNvdXJjZSI6Imd1cHlfcG9ydGFsIn0=?jobBoardSource=gupy_portal;Sênior
Cientista de Dados Sr;Vibra Energia;Híbrido;https://vibraenergia.gupy.io/job/eyJqb2JJZCI6MTA4ODc2NjgsInNvdXJjZSI6Imd1cHlfcG9ydGFsIn0=?jobBoardSource=gupy_portal;Sênior
ANALISTA DADOS JUNIOR | Urba ;Venha construir o futuro com a gente!;Presencial;https://vagas-mrveco.gupy.io/job/eyJqb2JJZCI6MTA4ODc2ODUsInNvdXJjZSI6Imd1cHlfcG9ydGFsIn0=?jobBoardSource=gupy_portal;Júnior
Atendimento ao Cliente para Coleta de Dados - Catalão;Montreal | Tecnologia e Inovação;Presencial;https://montreal.gupy.io/job/eyJqb2JJZCI6MTA4ODc0NjksInNvdXJjZSI6Imd1cHlfcG9ydGFsIn0=?jobBoardSource=gupy_portal;Não Informado
Engenheiro de Dados;ABT Atividades;Híbrido;https://abtatividades.gupy.io/job/eyJqb2JJZCI6MTA4ODY3NDUsInNvdXJjZSI6Imd1cHlfcG9ydGFsIn0=?jobBoardSource=gupy_portal;Não Informado
Analista de SI - Segurança de Dados;Safra;Presencial;https://venhasersafra.gupy.io/job/eyJqb2JJZCI6MTA4ODU3MjgsInNvdXJjZSI6Imd1cHlfcG9ydGFsIn0=?jobBoardSource=gupy_portal;Não Informado
Analista de Dados Pleno | Planejamento Logístico ;Dasa;Presencial;https://dasacorp.gupy.io/job/eyJqb2JJZCI6MTA4ODU3NjQsInNvdXJjZSI6Imd1cHlfcG9ydGFsIn0=?jobBoardSource=gupy_portal;Pleno
ANALISTA DE DADOS E EXCELENCIA OPERACIONAL SR | BELO HORIZONTE/MG;Localiza&Co;Híbrido;https://localiza.gupy.io/job/eyJqb2JJZCI6MTA4NTQ5NTcsInNvdXJjZSI6Imd1cHlfcG9ydGFsIn0=?jobBoardSource=gupy_portal;Sênior
Cientista de Dados SR;AXIA Energia;Presencial;https://axiaenergia.gupy.io/job/eyJqb2JJZCI6MTA3NDM3NTIsInNvdXJjZSI6Imd1cHlfcG9ydGFsIn0=?jobBoardSource=gupy_portal;Sênior
 Engenheiro de Dados SR;Grupo SysMap;Remoto;https://gruposysmap.gupy.io/job/eyJqb2JJZCI6MTA4ODMwNzgsInNvdXJjZSI6Imd1cHlfcG9ydGFsIn0=?jobBoardSource=gupy_portal;Sênior
Cientista de Dados SR - Belo Horizonte e São Paulo;Pottencial Seguradora;Híbrido;https://pottencial.gupy.io/job/eyJqb2JJZCI6MTA4ODIzNzIsInNvdXJjZSI6Imd1cHlfcG9ydGFsIn0=?jobBoardSource=gupy_portal;Sênior
ANALISTA DE DADOS JUNIOR;Alloha Fibra;Presencial;https://allohafibra.gupy.io/job/eyJqb2JJZCI6MTA4MTY2NTgsInNvdXJjZSI6Imd1cHlfcG9ydGFsIn0=?jobBoardSource=gupy_portal;Júnior
Analista Sênior de Pricing | Análise de Dados;Rede Américas;Presencial;https://redeamericas.gupy.io/job/eyJqb2JJZCI6MTA4NDAzMjIsInNvdXJjZSI6Imd1cHlfcG9ydGFsIn0=?jobBoardSource=gupy_portal;Sênior
Engenheiro de Dados - PL ;Auto Avaliar;Remoto;https://autoavaliar.gupy.io/job/eyJqb2JJZCI6MTA3MDI0MDcsInNvdXJjZSI6Imd1cHlfcG9ydGFsIn0=?jobBoardSource=gupy_portal;Pleno
Programa de Estágio | Trilha de Dados e IA;Grupo Panvel | Programa de Estágio Corporativo 2026 ;Presencial;https://estagiogrupopanvel.gupy.io/job/eyJqb2JJZCI6MTA4NTQ2OTIsInNvdXJjZSI6Imd1cHlfcG9ydGFsIn0=?jobBoardSource=gupy_portal;Não Informado
CIENTISTA DE DADOS JÚNIOR;Oportunidades;Remoto;https://bancorbras.gupy.io/job/eyJqb2JJZCI6MTA4ODAxNzksInNvdXJjZSI6Imd1cHlfcG9ydGFsIn0=?jobBoardSource=gupy_portal;Não Informado
Estágio de Dados/IA;Programa de Estágio MRV&CO;Presencial;https://programadeestagiomrveco.gupy.io/job/eyJqb2JJZCI6MTA4NzkzNzcsInNvdXJjZSI6Imd1cHlfcG9ydGFsIn0=?jobBoardSource=gupy_portal;Não Informado
Cientista de Dados Sênior  [Setor Financeiro] ;Leega Consultoria;Híbrido;https://leega.gupy.io/job/eyJqb2JJZCI6MTA4NzgwNzAsInNvdXJjZSI6Imd1cHlfcG9ydGFsIn0=?jobBoardSource=gupy_portal;Sênior
Analista de Dados - Big Data Pleno;Segware;Remoto;https://segware.gupy.io/job/eyJqb2JJZCI6MTA4NzcxMDQsInNvdXJjZSI6Imd1cHlfcG9ydGFsIn0=?jobBoardSource=gupy_portal;Pleno
Cientista de Dados Pl;Vibra Energia;Híbrido;https://vibraenergia.gupy.io/job/eyJqb2JJZCI6MTA4Nzg1NDYsInNvdXJjZSI6Imd1cHlfcG9ydGFsIn0=?jobBoardSource=gupy_portal;Pleno
ADMINISTRADOR DE DADOS PL;Globalweb;Híbrido;https://sejaglobalweb.gupy.io/job/eyJqb2JJZCI6MTA4NTk0NjgsInNvdXJjZSI6Imd1cHlfcG9ydGFsIn0=?jobBoardSource=gupy_portal;Pleno
Analista de Dados;Brasil TecPar;Híbrido;https://vagasbrasiltecpar.gupy.io/job/eyJqb2JJZCI6MTA4MzY4MDAsInNvdXJjZSI6Imd1cHlfcG9ydGFsIn0=?jobBoardSource=gupy_portal;Não Informado
Estagiário de Dados - CB Lab ;Coco Bambu;Presencial;https://cocobambu.gupy.io/job/eyJqb2JJZCI6MTA4NzM3NDUsInNvdXJjZSI6Imd1cHlfcG9ydGFsIn0=?jobBoardSource=gupy_portal;Não Informado
Estágio em Contabilidade: Dados e Inteligência Artificial;Instituto Infnet - Venha ser estagiário ou trainee!;Remoto;https://estagio-e-trainee-infnet.gupy.io/job/eyJqb2JJZCI6MTA4NzA5MTIsInNvdXJjZSI6Imd1cHlfcG9ydGFsIn0=?jobBoardSource=gupy_portal;Não Informado
Analista de Dados ;Tax.Co;Presencial;https://taxco.gupy.io/job/eyJqb2JJZCI6MTA4NzUwMzIsInNvdXJjZSI6Imd1cHlfcG9ydGFsIn0=?jobBoardSource=gupy_portal;Não Informado
Pessoa Engenheira de Dados Pleno - Plataforma de Dados e IA;Globo;Híbrido;https://globo.gupy.io/job/eyJqb2JJZCI6MTA4NzQ4MjksInNvdXJjZSI6Imd1cHlfcG9ydGFsIn0=?jobBoardSource=gupy_portal;Pleno
Analista de Dados;Atlético Mineiro;Presencial;https://galo.gupy.io/job/eyJqb2JJZCI6MTA4NzI4OTIsInNvdXJjZSI6Imd1cHlfcG9ydGFsIn0=?jobBoardSource=gupy_portal;Não Informado
Consultor(a) de dados;Centro de Excelência Votorantim;Híbrido;https://votorantimcoe.gupy.io/job/eyJqb2JJZCI6MTA4NDcxMjMsInNvdXJjZSI6Imd1cHlfcG9ydGFsIn0=?jobBoardSource=gupy_portal;Não Informado
CAS | Pessoa Engenheira de dados SR;Sicredi;Remoto;https://sicredi.gupy.io/job/eyJqb2JJZCI6MTA4MjkwMjQsInNvdXJjZSI6Imd1cHlfcG9ydGFsIn0=?jobBoardSource=gupy_portal;Sênior
Pessoa Engenheira de Machine Learning Pleno - Soluções de Dados em Publicidade;Globo;Híbrido;https://globo.gupy.io/job/eyJqb2JJZCI6MTA4NzIzMjEsInNvdXJjZSI6Imd1cHlfcG9ydGFsIn0=?jobBoardSource=gupy_portal;Pleno
ANALISTA ADMINISTRATIVO PL - DADOS;Página de Carreira;Presencial;https://hapvidandi.gupy.io/job/eyJqb2JJZCI6MTA2NzQxMTQsInNvdXJjZSI6Imd1cHlfcG9ydGFsIn0=?jobBoardSource=gupy_portal;Pleno
Engenheiro de Dados ;Beep Saúde ;Remoto;https://beepsaude.gupy.io/job/eyJqb2JJZCI6MTA4NzE5ODUsInNvdXJjZSI6Imd1cHlfcG9ydGFsIn0=?jobBoardSource=gupy_portal;Não Informado
Estágio em TI – Dados e Power BI;Engeform;Presencial;https://engeform.gupy.io/job/eyJqb2JJZCI6MTA4NjkwNDIsInNvdXJjZSI6Imd1cHlfcG9ydGFsIn0=?jobBoardSource=gupy_portal;Não Informado
Analista de Dados Sênior | Performace Comercial ;Faça parte do time Mercantil;Híbrido;https://mercantil.gupy.io/job/eyJqb2JJZCI6MTA4NzEyNDEsInNvdXJjZSI6Imd1cHlfcG9ydGFsIn0=?jobBoardSource=gupy_portal;Sênior
Analista de Dados Sênior;Tania Bulhões;Híbrido;https://tania-bulhoes.gupy.io/job/eyJqb2JJZCI6MTA4NjkwNDMsInNvdXJjZSI6Imd1cHlfcG9ydGFsIn0=?jobBoardSource=gupy_portal;Sênior
GERENTE DE DADOS;Movida Aluguel de Carros;Presencial;https://movida.gupy.io/job/eyJqb2JJZCI6MTA4NjM3NTcsInNvdXJjZSI6Imd1cHlfcG9ydGFsIn0=?jobBoardSource=gupy_portal;Não Informado
Analista de Controladoria Júnior (foco em dados);Cury Construtora;Presencial;https://cury.gupy.io/job/eyJqb2JJZCI6MTA4NDYyNzYsInNvdXJjZSI6Imd1cHlfcG9ydGFsIn0=?jobBoardSource=gupy_portal;Não Informado
Analista de Dados e Performance SR;GRUPO AMPER ELINSA;Presencial;https://grupoamperelinsa.gupy.io/job/eyJqb2JJZCI6MTA4Njk3MjIsInNvdXJjZSI6Imd1cHlfcG9ydGFsIn0=?jobBoardSource=gupy_portal;Sênior
Engenheiro(a) de Dados Sênior - Dados e Integrações (GCP);Ouribank;Híbrido;https://ouribank.gupy.io/job/eyJqb2JJZCI6MTA4Njk3MzcsInNvdXJjZSI6Imd1cHlfcG9ydGFsIn0=?jobBoardSource=gupy_portal;Sênior
GRUPO HDI | ANALISTA DE DADOS E NPS III;Grupo HDI;Híbrido;https://grupohdi.gupy.io/job/eyJqb2JJZCI6MTA3NTY2NDcsInNvdXJjZSI6Imd1cHlfcG9ydGFsIn0=?jobBoardSource=gupy_portal;Não Informado
Analista de Dados Pleno - Foco em CRM - Híbrido CAMPO BOM/RS;Deliver IT;Híbrido;https://deliverit.gupy.io/job/eyJqb2JJZCI6MTA4NjgyNTMsInNvdXJjZSI6Imd1cHlfcG9ydGFsIn0=?jobBoardSource=gupy_portal;Pleno
INBRASP BOTUCATU - Analista de Dados Pl;Grupo Caio;Presencial;https://grupocaio.gupy.io/job/eyJqb2JJZCI6MTA4Njc2NjIsInNvdXJjZSI6Imd1cHlfcG9ydGFsIn0=?jobBoardSource=gupy_portal;Pleno
Analista de Dados (Medicina Ocupacional);Cinpal;Presencial;https://cinpal.gupy.io/job/eyJqb2JJZCI6MTA3OTQxOTYsInNvdXJjZSI6Imd1cHlfcG9ydGFsIn0=?jobBoardSource=gupy_portal;Não Informado
Analista de BI/Dados – Sede/Canarana - MT - Sicredi Araxingu  ;Sicredi;Presencial;https://sicredi.gupy.io/job/eyJqb2JJZCI6MTA4NjcyODcsInNvdXJjZSI6Imd1cHlfcG9ydGFsIn0=?jobBoardSource=gupy_portal;Não Informado
Desenvolvedor(a) Sênior em Dados, Analytics, Machine Learning & IA;NIO;Híbrido;https://nio.gupy.io/job/eyJqb2JJZCI6MTA3MzY4MDYsInNvdXJjZSI6Imd1cHlfcG9ydGFsIn0=?jobBoardSource=gupy_portal;Sênior
Engenheiro Especialista de Martech e Dados;NIO;Híbrido;https://nio.gupy.io/job/eyJqb2JJZCI6MTA3MzY3NTksInNvdXJjZSI6Imd1cHlfcG9ydGFsIn0=?jobBoardSource=gupy_portal;Não Informado
Cientista de Dados - Pleno/Sênior ;VENHA SER #SANGUELARANJA 🧡🚀;Remoto;https://fcamara.gupy.io/job/eyJqb2JJZCI6MTA4NjIyODUsInNvdXJjZSI6Imd1cHlfcG9ydGFsIn0=?jobBoardSource=gupy_portal;Pleno
Atendimento ao Cliente para Coleta de Dados - Caçu;Montreal | Tecnologia e Inovação;Presencial;https://montreal.gupy.io/job/eyJqb2JJZCI6MTA4NjYzMTQsInNvdXJjZSI6Imd1cHlfcG9ydGFsIn0=?jobBoardSource=gupy_portal;Não Informado
Atendimento ao Cliente para Coleta de Dados - Garavelo;Montreal | Tecnologia e Inovação;Presencial;https://montreal.gupy.io/job/eyJqb2JJZCI6MTA4NjYxNTgsInNvdXJjZSI6Imd1cHlfcG9ydGFsIn0=?jobBoardSource=gupy_portal;Não Informado
Atendimento ao Cliente para Coleta de Dados - Edéia /Goiás;Montreal | Tecnologia e Inovação;Presencial;https://montreal.gupy.io/job/eyJqb2JJZCI6MTA4NjYwNjksInNvdXJjZSI6Imd1cHlfcG9ydGFsIn0=?jobBoardSource=gupy_portal;Não Informado
Atendimento ao Cliente para Coleta de Dados - Portal Shopping Capuava;Montreal | Tecnologia e Inovação;Presencial;https://montreal.gupy.io/job/eyJqb2JJZCI6MTA4NjU5OTQsInNvdXJjZSI6Imd1cHlfcG9ydGFsIn0=?jobBoardSource=gupy_portal;Não Informado
Atendimento ao Cliente para Coleta de Dados - Uruaçu;Montreal | Tecnologia e Inovação;Presencial;https://montreal.gupy.io/job/eyJqb2JJZCI6MTA4NjU5NjYsInNvdXJjZSI6Imd1cHlfcG9ydGFsIn0=?jobBoardSource=gupy_portal;Não Informado
Atendimento ao Cliente para Coleta de Dados - Indiara;Montreal | Tecnologia e Inovação;Presencial;https://montreal.gupy.io/job/eyJqb2JJZCI6MTA4NjU5NDEsInNvdXJjZSI6Imd1cHlfcG9ydGFsIn0=?jobBoardSource=gupy_portal;Não Informado
Atendimento ao Cliente para Coleta de Dados - São João D'Aliança;Montreal | Tecnologia e Inovação;Presencial;https://montreal.gupy.io/job/eyJqb2JJZCI6MTA4NjU5MTgsInNvdXJjZSI6Imd1cHlfcG9ydGFsIn0=?jobBoardSource=gupy_portal;Não Informado
Pessoa Engenheira de Dados Sênior | Cloud Engineer;BIP Brasil;Remoto;https://vemprabip.gupy.io/job/eyJqb2JJZCI6MTA4NTg5NTcsInNvdXJjZSI6Imd1cHlfcG9ydGFsIn0=?jobBoardSource=gupy_portal;Sênior
ANALISTA DE DADOS PL;Inpasa Brasil;Presencial;https://inpasabrasil.gupy.io/job/eyJqb2JJZCI6MTA4NjU2MjYsInNvdXJjZSI6Imd1cHlfcG9ydGFsIn0=?jobBoardSource=gupy_portal;Pleno
ANALISTA DE DADOS SR;Inpasa Brasil;Presencial;https://inpasabrasil.gupy.io/job/eyJqb2JJZCI6MTA4NjU1OTAsInNvdXJjZSI6Imd1cHlfcG9ydGFsIn0=?jobBoardSource=gupy_portal;Sênior
Atendimento ao Cliente para Coleta de Dados - Cocalzinho de Goiás;Montreal | Tecnologia e Inovação;Presencial;https://montreal.gupy.io/job/eyJqb2JJZCI6MTA4NjU1NjUsInNvdXJjZSI6Imd1cHlfcG9ydGFsIn0=?jobBoardSource=gupy_portal;Não Informado
Analista de dados de Infraestrutura | Timbó;Unifique Telecomunicações;Presencial;https://vemserunifique.gupy.io/job/eyJqb2JJZCI6MTA2MTg3MDcsInNvdXJjZSI6Imd1cHlfcG9ydGFsIn0=?jobBoardSource=gupy_portal;Não Informado
PROFESSOR AUXILIAR I – CURSO -BANCO DE DADOS E GESTÃO DA TECNOLOGIA DA INFORMAÇÃO - CENTRO UNIVERSITÁRIO ESTÁCIO DE VITÓRIA;Estácio;Presencial;https://vempraestacio.gupy.io/job/eyJqb2JJZCI6MTA4NDcyMTgsInNvdXJjZSI6Imd1cHlfcG9ydGFsIn0=?jobBoardSource=gupy_portal;Não Informado
Especialista em Arquitetura de Dados;Riachuelo ;Híbrido;https://riachuelo.gupy.io/job/eyJqb2JJZCI6MTA4NTk1MTAsInNvdXJjZSI6Imd1cHlfcG9ydGFsIn0=?jobBoardSource=gupy_portal;Não Informado
Analista de Remuneração e Dados Sênior;Motriz;Remoto;https://motriz.gupy.io/job/eyJqb2JJZCI6MTA4NTg0OTgsInNvdXJjZSI6Imd1cHlfcG9ydGFsIn0=?jobBoardSource=gupy_portal;Sênior
ANALISTA DADOS SENIOR | SÃO PAULO;Unidas;Presencial;https://unidas.gupy.io/job/eyJqb2JJZCI6MTA4NTc4ODQsInNvdXJjZSI6Imd1cHlfcG9ydGFsIn0=?jobBoardSource=gupy_portal;Sênior
Coordenador(a) Dados Mestre;Carreiras Ypê;Híbrido;https://carreirasype.gupy.io/job/eyJqb2JJZCI6MTA3NDAyNzEsInNvdXJjZSI6Imd1cHlfcG9ydGFsIn0=?jobBoardSource=gupy_portal;Não Informado
Assistente Recepção de Dados ;Close-up International;Híbrido;https://close-up-international.gupy.io/job/eyJqb2JJZCI6MTA4NTczMjUsInNvdXJjZSI6Imd1cHlfcG9ydGFsIn0=?jobBoardSource=gupy_portal;Não Informado
Pessoa Engenheira de Dados Sr. (Foco em IA Generativa)- 3327;Softplan;Remoto;https://softplan.gupy.io/job/eyJqb2JJZCI6MTA3MjMzMjcsInNvdXJjZSI6Imd1cHlfcG9ydGFsIn0=?jobBoardSource=gupy_portal;Sênior
Head Engenharia de Dados e Martech;ClickBus;Híbrido;https://clickbus.gupy.io/job/eyJqb2JJZCI6MTA4MzYxMTYsInNvdXJjZSI6Imd1cHlfcG9ydGFsIn0=?jobBoardSource=gupy_portal;Não Informado
 Analista de Dados Pleno;Minsait an Indra Company;Híbrido;https://minsait.gupy.io/job/eyJqb2JJZCI6MTA4MzY0ODcsInNvdXJjZSI6Imd1cHlfcG9ydGFsIn0=?jobBoardSource=gupy_portal;Pleno
Engenheiro(a) de Dados II;Vidalink - Seu Plano de Bem-Estar	;Híbrido;https://vidalink.gupy.io/job/eyJqb2JJZCI6MTA4MTMyNzgsInNvdXJjZSI6Imd1cHlfcG9ydGFsIn0=?jobBoardSource=gupy_portal;Não Informado
Engenheiro(a) de Dados (Sênior/Especialista);TRADERS ;Remoto;https://traders.gupy.io/job/eyJqb2JJZCI6MTA4NTQ4NzksInNvdXJjZSI6Imd1cHlfcG9ydGFsIn0=?jobBoardSource=gupy_portal;Sênior
Analista de Dados - Guaramirim/SC;Crevisc;Presencial;https://crevisc.gupy.io/job/eyJqb2JJZCI6MTA3OTc5MjQsInNvdXJjZSI6Imd1cHlfcG9ydGFsIn0=?jobBoardSource=gupy_portal;Não Informado
Engenheiro de Dados Sênior;Stefanini Group;Remoto;https://stefanini.gupy.io/job/eyJqb2JJZCI6MTA4NTQ1OTksInNvdXJjZSI6Imd1cHlfcG9ydGFsIn0=?jobBoardSource=gupy_portal;Sênior
Especialista em Ciência de Dados ;Riachuelo ;Híbrido;https://riachuelo.gupy.io/job/eyJqb2JJZCI6MTA4NTIxOTUsInNvdXJjZSI6Imd1cHlfcG9ydGFsIn0=?jobBoardSource=gupy_portal;Não Informado
Analista de Dados;Grupo Growth 7;Presencial;https://growth7.gupy.io/job/eyJqb2JJZCI6MTA4NTAzMDcsInNvdXJjZSI6Imd1cHlfcG9ydGFsIn0=?jobBoardSource=gupy_portal;Não Informado
Cientista de Dados Sênior - Área Consórcio;Itaú Unibanco;Híbrido;https://vemproitau.gupy.io/job/eyJqb2JJZCI6MTA3OTY4MjYsInNvdXJjZSI6Imd1cHlfcG9ydGFsIn0=?jobBoardSource=gupy_portal;Sênior
 Analista de Dados Pleno – Analytics e Operações – Vaga Exclusiva para Pessoas com Deficiência ;Itaú Unibanco;Híbrido;https://vemproitau.gupy.io/job/eyJqb2JJZCI6MTA3NzE1MjQsInNvdXJjZSI6Imd1cHlfcG9ydGFsIn0=?jobBoardSource=gupy_portal;Pleno
Bling | Especialista de Operações Comerciais | Dados e Automações | Remoto;LWSA;Remoto;https://lwsa.gupy.io/job/eyJqb2JJZCI6MTA3OTk5OTcsInNvdXJjZSI6Imd1cHlfcG9ydGFsIn0=?jobBoardSource=gupy_portal;Não Informado
Analista de Banco de Dados (DBA);Celk Sistemas;Remoto;https://celksistemas.gupy.io/job/eyJqb2JJZCI6MTA4NDg0NzAsInNvdXJjZSI6Imd1cHlfcG9ydGFsIn0=?jobBoardSource=gupy_portal;Não Informado
Pessoa Analista de Dados Sênior;WPP Media Services;Híbrido;https://wms.gupy.io/job/eyJqb2JJZCI6MTA4MDExMTQsInNvdXJjZSI6Imd1cHlfcG9ydGFsIn0=?jobBoardSource=gupy_portal;Sênior
Analista de Governança de Dados Sênior;Afya ;Híbrido;https://afya.gupy.io/job/eyJqb2JJZCI6MTA4NDQ3MDgsInNvdXJjZSI6Imd1cHlfcG9ydGFsIn0=?jobBoardSource=gupy_portal;Sênior
Analista de Dados (MIS);GIF International;Híbrido;https://gifinternational.gupy.io/job/eyJqb2JJZCI6MTA4NDc4MTUsInNvdXJjZSI6Imd1cHlfcG9ydGFsIn0=?jobBoardSource=gupy_portal;Não Informado
Analista de Dados Sênior | Marketing ;Suhai Seguradora;Híbrido;https://suhaiseguradora.gupy.io/job/eyJqb2JJZCI6MTA3MTE5ODgsInNvdXJjZSI6Imd1cHlfcG9ydGFsIn0=?jobBoardSource=gupy_portal;Sênior
ANALISTA DE DADOS PLENO;Dotz;Híbrido;https://dotz.gupy.io/job/eyJqb2JJZCI6MTA4MjczMDAsInNvdXJjZSI6Imd1cHlfcG9ydGFsIn0=?jobBoardSource=gupy_portal;Pleno
Analista de Dados Pleno (Reports);Venha construir o futuro com a gente!;Presencial;https://vagas-mrveco.gupy.io/job/eyJqb2JJZCI6MTA3NDM1MzEsInNvdXJjZSI6Imd1cHlfcG9ydGFsIn0=?jobBoardSource=gupy_portal;Pleno
Consultor(a) Sênior de Governança de Dados;Stefanini Group;Remoto;https://stefanini.gupy.io/job/eyJqb2JJZCI6MTA4NDM5MzcsInNvdXJjZSI6Imd1cHlfcG9ydGFsIn0=?jobBoardSource=gupy_portal;Sênior
Especialista em Arquitetura de Tecnologia | Arquitetura de Tecnologia, Dados e IA ;Globo;Híbrido;https://globo.gupy.io/job/eyJqb2JJZCI6MTA4NDUwMDYsInNvdXJjZSI6Imd1cHlfcG9ydGFsIn0=?jobBoardSource=gupy_portal;Não Informado
Pessoa Arquiteta de Tecnologia Sênior | Arquitetura de Tecnologia, Dados e IA;Globo;Híbrido;https://globo.gupy.io/job/eyJqb2JJZCI6MTA4NDQ2NTMsInNvdXJjZSI6Imd1cHlfcG9ydGFsIn0=?jobBoardSource=gupy_portal;Sênior
ANALISTA DE DADOS SR;JSL;Presencial;https://jsl.gupy.io/job/eyJqb2JJZCI6MTA3ODU1MTMsInNvdXJjZSI6Imd1cHlfcG9ydGFsIn0=?jobBoardSource=gupy_portal;Sênior
Engenheiro de Dados SR;VENHA SER #SANGUELARANJA 🧡🚀;Remoto;https://fcamara.gupy.io/job/eyJqb2JJZCI6MTA4MzU2NzYsInNvdXJjZSI6Imd1cHlfcG9ydGFsIn0=?jobBoardSource=gupy_portal;Sênior
Especialista Sênior em Growth & Dados ;Gerando Falcões;Presencial;https://falcoesetalentos.gupy.io/job/eyJqb2JJZCI6MTA4NDMzNTEsInNvdXJjZSI6Imd1cHlfcG9ydGFsIn0=?jobBoardSource=gupy_portal;Sênior
Cientista de Dados;Attus Procuradoria Digital;Remoto;https://attus.gupy.io/job/eyJqb2JJZCI6MTA4MzU4NjIsInNvdXJjZSI6Imd1cHlfcG9ydGFsIn0=?jobBoardSource=gupy_portal;Não Informado
ESTAGIÁRIO DE ANÁLISE DE DADOS;GVC SOLUÇÕES EM COBRANÇA;Presencial;https://gvcsolucoes.gupy.io/job/eyJqb2JJZCI6MTA4NDI3MTEsInNvdXJjZSI6Imd1cHlfcG9ydGFsIn0=?jobBoardSource=gupy_portal;Não Informado
Analista de Proteção de Dados Pleno;Minerva Foods Tecnologia – Inovação que conecta, tecnologia que transforma.;Remoto;https://minervatech.gupy.io/job/eyJqb2JJZCI6MTA4MjcxMjYsInNvdXJjZSI6Imd1cHlfcG9ydGFsIn0=?jobBoardSource=gupy_portal;Pleno
ANALISTA DADOS;Bernoulli Educação;Remoto;https://bernoullieducacao.gupy.io/job/eyJqb2JJZCI6MTA4Mjg1NzcsInNvdXJjZSI6Imd1cHlfcG9ydGFsIn0=?jobBoardSource=gupy_portal;Não Informado
Analista de Dados ;Yooga;Híbrido;https://yooga.gupy.io/job/eyJqb2JJZCI6MTA4NDEzMTcsInNvdXJjZSI6Imd1cHlfcG9ydGFsIn0=?jobBoardSource=gupy_portal;Não Informado
Analista de Dados Sênior;CVC Corp;Presencial;https://cvccorp.gupy.io/job/eyJqb2JJZCI6MTA3ODQ2NDgsInNvdXJjZSI6Imd1cHlfcG9ydGFsIn0=?jobBoardSource=gupy_portal;Sênior
Analista de Dados Pleno;CVC Corp;Presencial;https://cvccorp.gupy.io/job/eyJqb2JJZCI6MTA4MDU3MTEsInNvdXJjZSI6Imd1cHlfcG9ydGFsIn0=?jobBoardSource=gupy_portal;Pleno
ANALISTA DE DADOS PL;Movida Aluguel de Carros;Presencial;https://movida.gupy.io/job/eyJqb2JJZCI6MTA4MDQwNzYsInNvdXJjZSI6Imd1cHlfcG9ydGFsIn0=?jobBoardSource=gupy_portal;Pleno
Analista de Dados Pl - Process Mining ;BIP Brasil;Remoto;https://vemprabip.gupy.io/job/eyJqb2JJZCI6MTA4NDAzMzksInNvdXJjZSI6Imd1cHlfcG9ydGFsIn0=?jobBoardSource=gupy_portal;Pleno
Analista de Dados ;CONSTRUCAP;Presencial;https://talentosconstrucap.gupy.io/job/eyJqb2JJZCI6MTA4NDAwODgsInNvdXJjZSI6Imd1cHlfcG9ydGFsIn0=?jobBoardSource=gupy_portal;Não Informado
Analista Sênior - Infraestrutura de dados;Safra;Presencial;https://venhasersafra.gupy.io/job/eyJqb2JJZCI6MTA4Mzc4ODUsInNvdXJjZSI6Imd1cHlfcG9ydGFsIn0=?jobBoardSource=gupy_portal;Sênior
ADVOGADO SÊNIOR - PRIVACIDADE DE DADOS ;Light;Presencial;https://talentoslight.gupy.io/job/eyJqb2JJZCI6MTA4MzczOTcsInNvdXJjZSI6Imd1cHlfcG9ydGFsIn0=?jobBoardSource=gupy_portal;Sênior
Cientista de Dados Júnior - Engajamento e Rentabilização de Cliente PJ (Vaga afirmativa para Mulheres);Itaú Unibanco;Híbrido;https://vemproitau.gupy.io/job/eyJqb2JJZCI6MTA3NDQxNDQsInNvdXJjZSI6Imd1cHlfcG9ydGFsIn0=?jobBoardSource=gupy_portal;Não Informado
Cientista de Dados Sênior ;C&A Brasil;Remoto;https://cea.gupy.io/job/eyJqb2JJZCI6MTA4MzY5MzksInNvdXJjZSI6Imd1cHlfcG9ydGFsIn0=?jobBoardSource=gupy_portal;Sênior
Administrador de Banco de Dados DBA | Cresol Confederação (Presencial);Cresol Oficial;Presencial;https://cresolcarreiras.gupy.io/job/eyJqb2JJZCI6MTA4MzY1ODUsInNvdXJjZSI6Imd1cHlfcG9ydGFsIn0=?jobBoardSource=gupy_portal;Não Informado
ANALISTA DADOS;Bernoulli Educação;Remoto;https://bernoullieducacao.gupy.io/job/eyJqb2JJZCI6MTA4MzY0ODYsInNvdXJjZSI6Imd1cHlfcG9ydGFsIn0=?jobBoardSource=gupy_portal;Não Informado
Analista de Dados | Cresol Confederação (Presencial);Cresol Oficial;Presencial;https://cresolcarreiras.gupy.io/job/eyJqb2JJZCI6MTA4MTcxMjksInNvdXJjZSI6Imd1cHlfcG9ydGFsIn0=?jobBoardSource=gupy_portal;Não Informado
Cientista de Dados – PJ ;Febracis Coaching;Presencial;https://febracis.gupy.io/job/eyJqb2JJZCI6MTA4MzQ4MjcsInNvdXJjZSI6Imd1cHlfcG9ydGFsIn0=?jobBoardSource=gupy_portal;Não Informado
Analista de Banco de Dados | CORPORATIVO;Atlantica Hospitality International;Híbrido;https://vagasahi.gupy.io/job/eyJqb2JJZCI6MTA4MDk5MzUsInNvdXJjZSI6Imd1cHlfcG9ydGFsIn0=?jobBoardSource=gupy_portal;Não Informado
Engenheiro de Dados Sr;MTP Métodos e Tecnologia – Brasil;Híbrido;https://mtpbrasil.gupy.io/job/eyJqb2JJZCI6MTA4MjQ1NTYsInNvdXJjZSI6Imd1cHlfcG9ydGFsIn0=?jobBoardSource=gupy_portal;Sênior
Analista de Planejamento Junior (Análise de Dados/Power BI);Dexco;Presencial;https://dexco.gupy.io/job/eyJqb2JJZCI6MTA4MzI3NTcsInNvdXJjZSI6Imd1cHlfcG9ydGFsIn0=?jobBoardSource=gupy_portal;Júnior
Especialista de Dados ;Pmweb;Híbrido;https://pmweb.gupy.io/job/eyJqb2JJZCI6MTA4MjM2MDQsInNvdXJjZSI6Imd1cHlfcG9ydGFsIn0=?jobBoardSource=gupy_portal;Não Informado
Analista de Dados Pleno (Reports);Venha construir o futuro com a gente!;Presencial;https://vagas-mrveco.gupy.io/job/eyJqb2JJZCI6MTA4MDUwMTAsInNvdXJjZSI6Imd1cHlfcG9ydGFsIn0=?jobBoardSource=gupy_portal;Pleno
Analista Dados Sênior;Corporativo Grupo Casas Bahia;Presencial;https://corporativogrupocasasbahia.gupy.io/job/eyJqb2JJZCI6MTA3ODI4MzIsInNvdXJjZSI6Imd1cHlfcG9ydGFsIn0=?jobBoardSource=gupy_portal;Sênior
DBA - Administrador de Banco de Dados Sênior;Bellinati Perez;Presencial;https://bellinatiperez.gupy.io/job/eyJqb2JJZCI6MTA4MzE1NTQsInNvdXJjZSI6Imd1cHlfcG9ydGFsIn0=?jobBoardSource=gupy_portal;Sênior
Pessoa Cientista de Dados Pleno;ClickBus;Híbrido;https://clickbus.gupy.io/job/eyJqb2JJZCI6MTA3OTU0MDEsInNvdXJjZSI6Imd1cHlfcG9ydGFsIn0=?jobBoardSource=gupy_portal;Pleno
AZZAS 2154 | Grupo Soma | LABS | Analista de Dados e AI Pleno;AZZAS 2154 / GRUPO SOMA;Híbrido;https://gruposoma.gupy.io/job/eyJqb2JJZCI6MTA3ODUyNjYsInNvdXJjZSI6Imd1cHlfcG9ydGFsIn0=?jobBoardSource=gupy_portal;Pleno
AZZAS 2154 | Grupo Soma | LABS | Analista de Dados e AI Sênior;AZZAS 2154 / GRUPO SOMA;Híbrido;https://gruposoma.gupy.io/job/eyJqb2JJZCI6MTA3ODQ4MjksInNvdXJjZSI6Imd1cHlfcG9ydGFsIn0=?jobBoardSource=gupy_portal;Sênior
Analista de Governança de Dados e IA Sênior;Junto Seguros;Presencial;https://juntoseguros.gupy.io/job/eyJqb2JJZCI6MTA3NzYyNjksInNvdXJjZSI6Imd1cHlfcG9ydGFsIn0=?jobBoardSource=gupy_portal;Sênior
ANALISTA DE DADOS - TRIBUTÁRIO | BELO HORIZONTE, MG;Localiza&Co;Híbrido;https://localiza.gupy.io/job/eyJqb2JJZCI6MTA4Mjk3MzYsInNvdXJjZSI6Imd1cHlfcG9ydGFsIn0=?jobBoardSource=gupy_portal;Não Informado
Analista de Privacidade de Dados Sr;C&A Brasil;Híbrido;https://cea.gupy.io/job/eyJqb2JJZCI6MTA4Mjg3MzUsInNvdXJjZSI6Imd1cHlfcG9ydGFsIn0=?jobBoardSource=gupy_portal;Sênior
Jurubatuba  | Analista de Dados PL (Foco em Segurança Viária);Coca-Cola FEMSA Brasil;Presencial;https://cocacolafemsabr.gupy.io/job/eyJqb2JJZCI6MTA4Mjg1NjAsInNvdXJjZSI6Imd1cHlfcG9ydGFsIn0=?jobBoardSource=gupy_portal;Pleno
Cientista de Dados I - Vila Velha/ES | Maxpar;Grupo Autoglass Administrativo;Presencial;https://autoglassadministrativo.gupy.io/job/eyJqb2JJZCI6MTA4Mjg1ODQsInNvdXJjZSI6Imd1cHlfcG9ydGFsIn0=?jobBoardSource=gupy_portal;Não Informado
Analista Sr Inteligência de Dados;RD Saúde;Híbrido;https://rdsaude-corporativo.gupy.io/job/eyJqb2JJZCI6MTA4MjcxODQsInNvdXJjZSI6Imd1cHlfcG9ydGFsIn0=?jobBoardSource=gupy_portal;Sênior
Analista de Dados Sênior - Paulínia/SP;Página de Carreiras Heringer;Presencial;https://heringer.gupy.io/job/eyJqb2JJZCI6MTA4MTQwNjMsInNvdXJjZSI6Imd1cHlfcG9ydGFsIn0=?jobBoardSource=gupy_portal;Sênior
Analista de Dados Sênior ;GRUPO S2;Híbrido;https://grupos2.gupy.io/job/eyJqb2JJZCI6MTA4MjczNDgsInNvdXJjZSI6Imd1cHlfcG9ydGFsIn0=?jobBoardSource=gupy_portal;Sênior
Analista de Dados - Banco de Talentos;Farmácias Pague Menos;Presencial;https://paguemenosextrafarma.gupy.io/job/eyJqb2JJZCI6MTA4MjY3OTAsInNvdXJjZSI6Imd1cHlfcG9ydGFsIn0=?jobBoardSource=gupy_portal;Não Informado
Cientista de Dados Sênior;Memed ativo;Remoto;https://memed.gupy.io/job/eyJqb2JJZCI6MTA4MjY2ODYsInNvdXJjZSI6Imd1cHlfcG9ydGFsIn0=?jobBoardSource=gupy_portal;Sênior
Arquiteto(a) de Dados Sr;Vibra Energia;Híbrido;https://vibraenergia.gupy.io/job/eyJqb2JJZCI6MTA4MjY3MDIsInNvdXJjZSI6Imd1cHlfcG9ydGFsIn0=?jobBoardSource=gupy_portal;Sênior
Analista de Dados - Grupo Valence;Grupo Valence;Presencial;https://grupovalence.gupy.io/job/eyJqb2JJZCI6MTA4MjMyNDIsInNvdXJjZSI6Imd1cHlfcG9ydGFsIn0=?jobBoardSource=gupy_portal;Não Informado
ANALISTA DE DADOS PL;Banco BBC Digital;Presencial;https://bbc_digital.gupy.io/job/eyJqb2JJZCI6MTA3ODE4MDksInNvdXJjZSI6Imd1cHlfcG9ydGFsIn0=?jobBoardSource=gupy_portal;Pleno
ANALISTA DE PROCESSOS E DADOS ZARP PL I BELO HORIZONTE/MG;Localiza&Co;Híbrido;https://localiza.gupy.io/job/eyJqb2JJZCI6MTA2NzY2MjEsInNvdXJjZSI6Imd1cHlfcG9ydGFsIn0=?jobBoardSource=gupy_portal;Pleno
Analista de Dados;Estrelas Internet - Vagas ON!;Presencial;https://estrelasinternet.gupy.io/job/eyJqb2JJZCI6MTA4MjQxMjMsInNvdXJjZSI6Imd1cHlfcG9ydGFsIn0=?jobBoardSource=gupy_portal;Não Informado
Coordenador(a) de Dados;Unimed Campinas;Híbrido;https://unimedcampinas.gupy.io/job/eyJqb2JJZCI6MTA4MTk3NTcsInNvdXJjZSI6Imd1cHlfcG9ydGFsIn0=?jobBoardSource=gupy_portal;Não Informado
Analista de Produtos Digitais e Dados Sênior - Analista Data & Analytics;Itaú Unibanco;Híbrido;https://vemproitau.gupy.io/job/eyJqb2JJZCI6MTA3NDg5NDUsInNvdXJjZSI6Imd1cHlfcG9ydGFsIn0=?jobBoardSource=gupy_portal;Sênior
Pessoa Desenvolvedora Fullstack Python/React - Especialista I (Diretoria de Dados);Grupo Boticário;Remoto;https://grupoboticario.gupy.io/job/eyJqb2JJZCI6MTA3NDAxNjAsInNvdXJjZSI6Imd1cHlfcG9ydGFsIn0=?jobBoardSource=gupy_portal;Não Informado
Analista de Dados e BI Pl.;Lockton Consultoria e Corretora de Seguros;Híbrido;https://locktoncarreiras.gupy.io/job/eyJqb2JJZCI6MTA4MTc2ODIsInNvdXJjZSI6Imd1cHlfcG9ydGFsIn0=?jobBoardSource=gupy_portal;Pleno
ANALISTA DE AUTOMAÇÃO E DADOS;ORGANIZACAO EDUCACIONAL FARIAS BRITO LTDA;Presencial;https://fariasbrito.gupy.io/job/eyJqb2JJZCI6MTA4MTY5OTgsInNvdXJjZSI6Imd1cHlfcG9ydGFsIn0=?jobBoardSource=gupy_portal;Não Informado
Analista Dados Sênior - Engenharia Logística - Barretos - SP;Minerva Foods Logística ;Presencial;https://minerva-logistica.gupy.io/job/eyJqb2JJZCI6MTA4MDAxNzIsInNvdXJjZSI6Imd1cHlfcG9ydGFsIn0=?jobBoardSource=gupy_portal;Sênior
Analista de Dados Estratégicos Junior;Núclea;Híbrido;https://nuclea.gupy.io/job/eyJqb2JJZCI6MTA3NDc0NTcsInNvdXJjZSI6Imd1cHlfcG9ydGFsIn0=?jobBoardSource=gupy_portal;Júnior
Pessoa Desenvolvedora Front End React Especialista I (Produtização de Dados);Grupo Boticário;Remoto;https://grupoboticario.gupy.io/job/eyJqb2JJZCI6MTA2OTI3MTAsInNvdXJjZSI6Imd1cHlfcG9ydGFsIn0=?jobBoardSource=gupy_portal;Não Informado
Estágio em Dados para área de Produtos - Analytics / Produtos;credsystem;Híbrido;https://credsystem.gupy.io/job/eyJqb2JJZCI6MTA4MTU2ODUsInNvdXJjZSI6Imd1cHlfcG9ydGFsIn0=?jobBoardSource=gupy_portal;Não Informado
Analista de Dados - Senior ;Prime Results ;Híbrido;https://primeresults.gupy.io/job/eyJqb2JJZCI6MTA3NDc4MzMsInNvdXJjZSI6Imd1cHlfcG9ydGFsIn0=?jobBoardSource=gupy_portal;Sênior
CIENTISTA DE DADOS PL;Cogna Educação;Híbrido;https://cogna.gupy.io/job/eyJqb2JJZCI6MTA3MTQxMTIsInNvdXJjZSI6Imd1cHlfcG9ydGFsIn0=?jobBoardSource=gupy_portal;Pleno
Analista de Inteligência de Mercado Sênior (Foco em Dados e Viabilidade) - Freelancer;Febracis Coaching;Presencial;https://febracis.gupy.io/job/eyJqb2JJZCI6MTA4MTM3ODQsInNvdXJjZSI6Imd1cHlfcG9ydGFsIn0=?jobBoardSource=gupy_portal;Sênior
DevOps Sênior – Dados e Plataformas;BIP Brasil;Remoto;https://vemprabip.gupy.io/job/eyJqb2JJZCI6MTA3OTcwMTcsInNvdXJjZSI6Imd1cHlfcG9ydGFsIn0=?jobBoardSource=gupy_portal;Pleno
Analista de Dados Sr - foco em BI;Confidencial;Presencial;https://vagas-restritas.gupy.io/job/eyJqb2JJZCI6MTA4MTExNDksInNvdXJjZSI6Imd1cHlfcG9ydGFsIn0=?jobBoardSource=gupy_portal;Sênior
Estagiário(a) de Tecnologia da Informação – Foco em Ciência de Dados;Vendemmia Logística Integrada;Híbrido;https://vendemmia.gupy.io/job/eyJqb2JJZCI6MTA4MTEwMDUsInNvdXJjZSI6Imd1cHlfcG9ydGFsIn0=?jobBoardSource=gupy_portal;Não Informado
Cientista de Dados;Vendemmia Logística Integrada;Híbrido;https://vendemmia.gupy.io/job/eyJqb2JJZCI6MTA4MTAxMzQsInNvdXJjZSI6Imd1cHlfcG9ydGFsIn0=?jobBoardSource=gupy_portal;Não Informado
Analista de Dados I;Grupo RBS;Híbrido;https://gruporbs.gupy.io/job/eyJqb2JJZCI6MTA4MTA0MjEsInNvdXJjZSI6Imd1cHlfcG9ydGFsIn0=?jobBoardSource=gupy_portal;Não Informado
Analista de Pricing Sênior - Foco em Dados e Modelagem;GOL Linhas Aéreas;Híbrido;https://golcarreiras.gupy.io/job/eyJqb2JJZCI6MTA4MDU4NjQsInNvdXJjZSI6Imd1cHlfcG9ydGFsIn0=?jobBoardSource=gupy_portal;Sênior
Especialista em Ciência de Dados;Página de Carreira - Confidencial;Presencial;https://talento360.gupy.io/job/eyJqb2JJZCI6MTA4MDk0OTIsInNvdXJjZSI6Imd1cHlfcG9ydGFsIn0=?jobBoardSource=gupy_portal;Não Informado
Gerente de Remuneração e Dados de RH;Hinode Group;Híbrido;https://grupohinode.gupy.io/job/eyJqb2JJZCI6MTA3MTA5MzUsInNvdXJjZSI6Imd1cHlfcG9ydGFsIn0=?jobBoardSource=gupy_portal;Não Informado
Analista de Dados e Performance JR  ;GRUPO AMPER ELINSA;Presencial;https://grupoamperelinsa.gupy.io/job/eyJqb2JJZCI6MTA4MDkzMzMsInNvdXJjZSI6Imd1cHlfcG9ydGFsIn0=?jobBoardSource=gupy_portal;Júnior
ANALISTA DADOS SR;Stefanini Group;Híbrido;https://stefanini.gupy.io/job/eyJqb2JJZCI6MTA3NTMwMTAsInNvdXJjZSI6Imd1cHlfcG9ydGFsIn0=?jobBoardSource=gupy_portal;Sênior
ESPECIALISTA DE DADOS;Alloha Fibra;Presencial;https://allohafibra.gupy.io/job/eyJqb2JJZCI6MTA3MDU0MTQsInNvdXJjZSI6Imd1cHlfcG9ydGFsIn0=?jobBoardSource=gupy_portal;Não Informado
Analista de Inteligência de Dados e Performance - Marquise Incorporações;Grupo Marquise;Presencial;https://grupomarquise.gupy.io/job/eyJqb2JJZCI6MTA3ODc1NTUsInNvdXJjZSI6Imd1cHlfcG9ydGFsIn0=?jobBoardSource=gupy_portal;Não Informado
Analista de Dados (Foco em IA);Motz;Híbrido;https://motz.gupy.io/job/eyJqb2JJZCI6MTA4MDczODMsInNvdXJjZSI6Imd1cHlfcG9ydGFsIn0=?jobBoardSource=gupy_portal;Não Informado
Analista de Dados e Performance PL ;GRUPO AMPER ELINSA;Presencial;https://grupoamperelinsa.gupy.io/job/eyJqb2JJZCI6MTA4MDcyMjYsInNvdXJjZSI6Imd1cHlfcG9ydGFsIn0=?jobBoardSource=gupy_portal;Pleno
Analista de Dados e Performance PL ;GRUPO AMPER ELINSA;Presencial;https://grupoamperelinsa.gupy.io/job/eyJqb2JJZCI6MTA4MDcxOTEsInNvdXJjZSI6Imd1cHlfcG9ydGFsIn0=?jobBoardSource=gupy_portal;Pleno
ARQUITETO DE DADOS - RHA0556;Spread Tecnologia;Remoto;https://spread.gupy.io/job/eyJqb2JJZCI6MTA4MDY0MTgsInNvdXJjZSI6Imd1cHlfcG9ydGFsIn0=?jobBoardSource=gupy_portal;Não Informado
Estágio em Análise de Dados | Av. Paulista ;Rede Decisão;Presencial;https://vemprarededecisao.gupy.io/job/eyJqb2JJZCI6MTA4MDY1NzIsInNvdXJjZSI6Imd1cHlfcG9ydGFsIn0=?jobBoardSource=gupy_portal;Não Informado
Analista de Dados Pleno – Vaga Afirmativa para Pessoas com Deficiência - Minas Gerais;Page Outsourcing Brasil;Presencial;https://pageoutsourcingbr.gupy.io/job/eyJqb2JJZCI6MTA4MDYzOTgsInNvdXJjZSI6Imd1cHlfcG9ydGFsIn0=?jobBoardSource=gupy_portal;Pleno
ADMINISTRADOR DE BANCO DE DADOS PL (Curitiba ou São Paulo).;Positivo Tecnologia;Híbrido;https://positec.gupy.io/job/eyJqb2JJZCI6MTA4MDU5NjgsInNvdXJjZSI6Imd1cHlfcG9ydGFsIn0=?jobBoardSource=gupy_portal;Pleno
Engenheiro de Dados Pleno;Minsait an Indra Company;Híbrido;https://minsait.gupy.io/job/eyJqb2JJZCI6MTA3NDYyMjEsInNvdXJjZSI6Imd1cHlfcG9ydGFsIn0=?jobBoardSource=gupy_portal;Pleno
Analista de Dados Automação e IA (foco em DevOps/AIOps+Vibe Coding);GRUPO ND;Presencial;https://talentosnd.gupy.io/job/eyJqb2JJZCI6MTA4MDU1MDMsInNvdXJjZSI6Imd1cHlfcG9ydGFsIn0=?jobBoardSource=gupy_portal;Não Informado
Analista de Dados I;V.tal | o futuro passa por aqui;Híbrido;https://vtal.gupy.io/job/eyJqb2JJZCI6MTA3NTE4NzEsInNvdXJjZSI6Imd1cHlfcG9ydGFsIn0=?jobBoardSource=gupy_portal;Não Informado
Cientista de Dados e Inteligência Artificial;Daniel Advogados;Híbrido;https://daniel-ip.gupy.io/job/eyJqb2JJZCI6MTA4MDEzMjgsInNvdXJjZSI6Imd1cHlfcG9ydGFsIn0=?jobBoardSource=gupy_portal;Não Informado
Pessoa Engenheira Pl (Dados);Comgás ;Híbrido;https://vemsercomgas.gupy.io/job/eyJqb2JJZCI6MTA3NDEyMzIsInNvdXJjZSI6Imd1cHlfcG9ydGFsIn0=?jobBoardSource=gupy_portal;Pleno
Analista de Dados Pleno | Canais Digitais ;Grupo Panvel;Híbrido;https://corporativopanvel.gupy.io/job/eyJqb2JJZCI6MTA4MDAzMTYsInNvdXJjZSI6Imd1cHlfcG9ydGFsIn0=?jobBoardSource=gupy_portal;Pleno
Analista de Dados e Performance PL;GRUPO AMPER ELINSA;Presencial;https://grupoamperelinsa.gupy.io/job/eyJqb2JJZCI6MTA3OTgzOTksInNvdXJjZSI6Imd1cHlfcG9ydGFsIn0=?jobBoardSource=gupy_portal;Pleno
Especialista de Dados- Jundiaí/SP ;BRASIF MÁQUINAS;Presencial;https://brasifmaquinas.gupy.io/job/eyJqb2JJZCI6MTA3OTc4NDIsInNvdXJjZSI6Imd1cHlfcG9ydGFsIn0=?jobBoardSource=gupy_portal;Não Informado
Especialista Ciência de Dados ;Safra;Presencial;https://venhasersafra.gupy.io/job/eyJqb2JJZCI6MTA3OTc3MDksInNvdXJjZSI6Imd1cHlfcG9ydGFsIn0=?jobBoardSource=gupy_portal;Não Informado
Cientista de Dados Pleno;Porto;Presencial;https://porto.gupy.io/job/eyJqb2JJZCI6MTA3NTE3MTMsInNvdXJjZSI6Imd1cHlfcG9ydGFsIn0=?jobBoardSource=gupy_portal;Pleno
Engenheiro de Dados Sênior;Aché Laboratórios Farmacêuticos;Presencial;https://vagasache.gupy.io/job/eyJqb2JJZCI6MTA3OTU5MzcsInNvdXJjZSI6Imd1cHlfcG9ydGFsIn0=?jobBoardSource=gupy_portal;Sênior
Analista de Dados Pleno (Prevenção à Fraude);iugu;Híbrido;https://vempraiugu.gupy.io/job/eyJqb2JJZCI6MTA3MDQ1MjYsInNvdXJjZSI6Imd1cHlfcG9ydGFsIn0=?jobBoardSource=gupy_portal;Pleno
Desenvolvedor(a) de Migração de Dados -  Equiplano;Equiplano!;Híbrido;https://equiplano.gupy.io/job/eyJqb2JJZCI6MTA3OTUzOTksInNvdXJjZSI6Imd1cHlfcG9ydGFsIn0=?jobBoardSource=gupy_portal;Pleno
 PESSOA ANALISTA OPERACÕES JÚNIOR - FOCO EM DADOS;YDUQS;Híbrido;https://yduqs.gupy.io/job/eyJqb2JJZCI6MTA3Mjg0MjksInNvdXJjZSI6Imd1cHlfcG9ydGFsIn0=?jobBoardSource=gupy_portal;Não Informado
Assistente Administrativo - Carga de Dados | Maxpar;Grupo Autoglass Administrativo;Presencial;https://autoglassadministrativo.gupy.io/job/eyJqb2JJZCI6MTA3NDExMTIsInNvdXJjZSI6Imd1cHlfcG9ydGFsIn0=?jobBoardSource=gupy_portal;Não Informado
Pessoa Analista de Dados Pleno;ClickBus;Híbrido;https://clickbus.gupy.io/job/eyJqb2JJZCI6MTA3NjAwMzIsInNvdXJjZSI6Imd1cHlfcG9ydGFsIn0=?jobBoardSource=gupy_portal;Pleno
Gerente de Dados e IA;Motz;Híbrido;https://motz.gupy.io/job/eyJqb2JJZCI6MTA3ODk5MzQsInNvdXJjZSI6Imd1cHlfcG9ydGFsIn0=?jobBoardSource=gupy_portal;Não Informado
ANALISTA DE DADOS;Mundiale;Presencial;https://mundiale.gupy.io/job/eyJqb2JJZCI6MTA3OTAwNjIsInNvdXJjZSI6Imd1cHlfcG9ydGFsIn0=?jobBoardSource=gupy_portal;Não Informado
ESPECIALISTA TECNICO EM DADOS & IA PLENO;VINCI Energies e suas marcas de atuação: Actemium, Axians e Omexom;Híbrido;https://vinci-energies.gupy.io/job/eyJqb2JJZCI6MTA3ODkwNjgsInNvdXJjZSI6Imd1cHlfcG9ydGFsIn0=?jobBoardSource=gupy_portal;Pleno
Analista de Dados Pleno - Vaga Exclusiva para PCD;Itaú Unibanco;Presencial;https://vemproitau.gupy.io/job/eyJqb2JJZCI6MTA3Nzk3MTksInNvdXJjZSI6Imd1cHlfcG9ydGFsIn0=?jobBoardSource=gupy_portal;Pleno
Estágio em Qualidade de Dados (Mercado Financeiro);AUVP ;Presencial;https://auvpcapital.gupy.io/job/eyJqb2JJZCI6MTA3ODg0NDIsInNvdXJjZSI6Imd1cHlfcG9ydGFsIn0=?jobBoardSource=gupy_portal;Não Informado
ANALISTA DE DADOS PL ;Grupo Direcional Engenharia;Presencial;https://direcionalengenharia.gupy.io/job/eyJqb2JJZCI6MTA3ODgyOTgsInNvdXJjZSI6Imd1cHlfcG9ydGFsIn0=?jobBoardSource=gupy_portal;Pleno
Analista de Dados de Compras;Argos Global Partner Services ;Híbrido;https://argos.gupy.io/job/eyJqb2JJZCI6MTA3ODgwNjgsInNvdXJjZSI6Imd1cHlfcG9ydGFsIn0=?jobBoardSource=gupy_portal;Não Informado
Analista de Dados Pleno (Governança e Qualidade);Grupo Suno;Híbrido;https://gruposunojobs.gupy.io/job/eyJqb2JJZCI6MTA3ODgxODgsInNvdXJjZSI6Imd1cHlfcG9ydGFsIn0=?jobBoardSource=gupy_portal;Pleno
Engenheiro de Dados Sênior ;Grupo Suno;Remoto;https://gruposunojobs.gupy.io/job/eyJqb2JJZCI6MTA3ODgwMjUsInNvdXJjZSI6Imd1cHlfcG9ydGFsIn0=?jobBoardSource=gupy_portal;Sênior
ANALISTA DE DADOS JR ;Grupo Direcional Engenharia;Presencial;https://direcionalengenharia.gupy.io/job/eyJqb2JJZCI6MTA3ODc1NTQsInNvdXJjZSI6Imd1cHlfcG9ydGFsIn0=?jobBoardSource=gupy_portal;Júnior
Analista Dados Sênior - Proadi Projeto Tele Nordeste ;BP - A Beneficência Portuguesa de São Paulo;Híbrido;https://vemserbp.gupy.io/job/eyJqb2JJZCI6MTA3NTI1NDYsInNvdXJjZSI6Imd1cHlfcG9ydGFsIn0=?jobBoardSource=gupy_portal;Sênior
Cientista de Dados Sênior ;Just a Little Data;Híbrido;https://justalittledata.gupy.io/job/eyJqb2JJZCI6MTA3NzU4ODYsInNvdXJjZSI6Imd1cHlfcG9ydGFsIn0=?jobBoardSource=gupy_portal;Sênior
Assistente de Dados - Comercial;Coleguium;Presencial;https://coleguium.gupy.io/job/eyJqb2JJZCI6MTA3ODQxMjMsInNvdXJjZSI6Imd1cHlfcG9ydGFsIn0=?jobBoardSource=gupy_portal;Não Informado
ANALISTA DE DADOS SÊNIOR;Lojas Torra | Escritório;Presencial;https://lojastorra-escritorio.gupy.io/job/eyJqb2JJZCI6MTA3ODYxMjksInNvdXJjZSI6Imd1cHlfcG9ydGFsIn0=?jobBoardSource=gupy_portal;Sênior
Analista de Dados;Instituto de Pesquisas ELDORADO;Remoto;https://institutoeldorado.gupy.io/job/eyJqb2JJZCI6MTA3MzMyMjMsInNvdXJjZSI6Imd1cHlfcG9ydGFsIn0=?jobBoardSource=gupy_portal;Não Informado
ENGENHEIRO DE DADOS PLENO;Grupo Direcional Engenharia;Híbrido;https://direcionalengenharia.gupy.io/job/eyJqb2JJZCI6MTA3ODUyOTksInNvdXJjZSI6Imd1cHlfcG9ydGFsIn0=?jobBoardSource=gupy_portal;Pleno
ENGENHEIRO DE DADOS SR;Granado - Desde 1870;Presencial;https://granado.gupy.io/job/eyJqb2JJZCI6MTA3ODUyMTksInNvdXJjZSI6Imd1cHlfcG9ydGFsIn0=?jobBoardSource=gupy_portal;Sênior
Vindi | Analista de Dados Pleno | Automações | Híbrido;LWSA;Híbrido;https://lwsa.gupy.io/job/eyJqb2JJZCI6MTA3NDQxMDMsInNvdXJjZSI6Imd1cHlfcG9ydGFsIn0=?jobBoardSource=gupy_portal;Pleno
Analista de Dados Pleno;C&A Brasil;Híbrido;https://cea.gupy.io/job/eyJqb2JJZCI6MTA3ODM5MjMsInNvdXJjZSI6Imd1cHlfcG9ydGFsIn0=?jobBoardSource=gupy_portal;Pleno
APRENDIZ - BANCO DE DADOS E CAPACIDADE;Tecban;Híbrido;https://tecban.gupy.io/job/eyJqb2JJZCI6MTA0Nzk2MTAsInNvdXJjZSI6Imd1cHlfcG9ydGFsIn0=?jobBoardSource=gupy_portal;Não Informado
Repórter - Núcleo de Dados;GRUPO ND;Presencial;https://talentosnd.gupy.io/job/eyJqb2JJZCI6MTA3ODIzMDYsInNvdXJjZSI6Imd1cHlfcG9ydGFsIn0=?jobBoardSource=gupy_portal;Não Informado
Especialista em Arquitetura de Dados;Beep Saúde ;Presencial;https://beepsaude.gupy.io/job/eyJqb2JJZCI6MTA3NzgyNzMsInNvdXJjZSI6Imd1cHlfcG9ydGFsIn0=?jobBoardSource=gupy_portal;Não Informado
Analista Sênior de Tesouraria | Dados;Caju;Remoto;https://caju.gupy.io/job/eyJqb2JJZCI6MTA3NDYzMjAsInNvdXJjZSI6Imd1cHlfcG9ydGFsIn0=?jobBoardSource=gupy_portal;Sênior
Analista de Dados;Instituto de Pesquisas ELDORADO;Híbrido;https://institutoeldorado.gupy.io/job/eyJqb2JJZCI6MTA3MDA2MDcsInNvdXJjZSI6Imd1cHlfcG9ydGFsIn0=?jobBoardSource=gupy_portal;Não Informado
Product Owner - Dados;Fundação José Silveira;Híbrido;https://fundacaojosesilveira.gupy.io/job/eyJqb2JJZCI6MTA3MTMzODIsInNvdXJjZSI6Imd1cHlfcG9ydGFsIn0=?jobBoardSource=gupy_portal;Não Informado
Analista de Dados & Agentes IA;Instituto de Pesquisas ELDORADO;Híbrido;https://institutoeldorado.gupy.io/job/eyJqb2JJZCI6MTA3MDA1NjAsInNvdXJjZSI6Imd1cHlfcG9ydGFsIn0=?jobBoardSource=gupy_portal;Não Informado
Analista de Dados;Faça parte da Fundação Unimed ;Híbrido;https://faculdadeunimed.gupy.io/job/eyJqb2JJZCI6MTA2NTQ4NDUsInNvdXJjZSI6Imd1cHlfcG9ydGFsIn0=?jobBoardSource=gupy_portal;Não Informado
Cientista de Dados;Instituto de Pesquisas ELDORADO;Híbrido;https://institutoeldorado.gupy.io/job/eyJqb2JJZCI6MTA3MDAyMDMsInNvdXJjZSI6Imd1cHlfcG9ydGFsIn0=?jobBoardSource=gupy_portal;Não Informado
OPERADOR PROCESSAMENTO COMUNICACAO DADOS (CAMPO GRANDE-MS);TELEMONT;Presencial;https://telemont.gupy.io/job/eyJqb2JJZCI6MTA2NTkzMTcsInNvdXJjZSI6Imd1cHlfcG9ydGFsIn0=?jobBoardSource=gupy_portal;Não Informado
Engenheiro de Dados Sênior (Hibrida em Curitiba);Extractta;Híbrido;https://extractta.gupy.io/job/eyJqb2JJZCI6MTA3NzI2MTUsInNvdXJjZSI6Imd1cHlfcG9ydGFsIn0=?jobBoardSource=gupy_portal;Sênior
Engenheiro de Dados Sênior (Hibrida em BH);Extractta;Híbrido;https://extractta.gupy.io/job/eyJqb2JJZCI6MTA3NzI0NTIsInNvdXJjZSI6Imd1cHlfcG9ydGFsIn0=?jobBoardSource=gupy_portal;Sênior
Engenheiro de Dados Sênior (Hibrida em BH);Extractta;Híbrido;https://extractta.gupy.io/job/eyJqb2JJZCI6MTA3NzI0OTYsInNvdXJjZSI6Imd1cHlfcG9ydGFsIn0=?jobBoardSource=gupy_portal;Sênior
Analista de Planejamento Estratégico- Dados - ANÁPOLIS-GO;Araguaia;Presencial;https://araguaia.gupy.io/job/eyJqb2JJZCI6MTA0MzM5MjUsInNvdXJjZSI6Imd1cHlfcG9ydGFsIn0=?jobBoardSource=gupy_portal;Pleno
Engenheiro de Dados Sênior (Hibrida em SP);Extractta;Híbrido;https://extractta.gupy.io/job/eyJqb2JJZCI6MTA3NzI1NTAsInNvdXJjZSI6Imd1cHlfcG9ydGFsIn0=?jobBoardSource=gupy_portal;Sênior
ENG. DE DADOS SR - RHA0503;Spread Tecnologia;Remoto;https://spread.gupy.io/job/eyJqb2JJZCI6MTA3NzMwOTcsInNvdXJjZSI6Imd1cHlfcG9ydGFsIn0=?jobBoardSource=gupy_portal;Sênior
Analista de Dados Júnior | Product Owner (PO);Americanas S.A.;Híbrido;https://americanas.gupy.io/job/eyJqb2JJZCI6MTA3NzM5NDEsInNvdXJjZSI6Imd1cHlfcG9ydGFsIn0=?jobBoardSource=gupy_portal;Não Informado
ANALISTA RECURSOS HUMANOS JR - FOCO EM ANÁLISE DE DADOS;#VemSerEcoviasImigrantes🍃;Híbrido;https://ecovias.gupy.io/job/eyJqb2JJZCI6MTA3NzM4MTgsInNvdXJjZSI6Imd1cHlfcG9ydGFsIn0=?jobBoardSource=gupy_portal;Júnior
Administrador de Dados SR;Join | Creative Tech;Remoto;https://jointecnologia.gupy.io/job/eyJqb2JJZCI6MTA3NzIzOTAsInNvdXJjZSI6Imd1cHlfcG9ydGFsIn0=?jobBoardSource=gupy_portal;Sênior
Engenheiro(a) de Banco de Dados / Desenvolvedor(a) SQL Pleno;Bernhoeft;Remoto;https://vemserbern.gupy.io/job/eyJqb2JJZCI6MTA3NzI1NDgsInNvdXJjZSI6Imd1cHlfcG9ydGFsIn0=?jobBoardSource=gupy_portal;Pleno
Cientista de Dados Sênior;Webmotors;Híbrido;https://webmotors.gupy.io/job/eyJqb2JJZCI6MTA2MTk2NzYsInNvdXJjZSI6Imd1cHlfcG9ydGFsIn0=?jobBoardSource=gupy_portal;Sênior
Analista de Governança de Dados (Especialista);Minsait an Indra Company;Híbrido;https://minsait.gupy.io/job/eyJqb2JJZCI6MTA3NTkwNDQsInNvdXJjZSI6Imd1cHlfcG9ydGFsIn0=?jobBoardSource=gupy_portal;Não Informado
Programa de Formação Técnica Analista de Dados – Porsche Cup Brasil;Porsche Cup Brasil;Presencial;https://porschegt3cup.gupy.io/job/eyJqb2JJZCI6MTA3NzE0NjAsInNvdXJjZSI6Imd1cHlfcG9ydGFsIn0=?jobBoardSource=gupy_portal;Não Informado
Cientista de Dados Pleno (IA & GIS) | Squad Utilities | Imagem Geosistemas;Imagem Geosistemas;Remoto;https://geosistemas.gupy.io/job/eyJqb2JJZCI6MTA3NDA0NzEsInNvdXJjZSI6Imd1cHlfcG9ydGFsIn0=?jobBoardSource=gupy_portal;Pleno
Pessoa Analista de Dados Pleno;AlmapBBDO;Híbrido;https://almapbbdo.gupy.io/job/eyJqb2JJZCI6MTA3NjI2NDEsInNvdXJjZSI6Imd1cHlfcG9ydGFsIn0=?jobBoardSource=gupy_portal;Pleno
Pessoa Analista de Dados Sênior;AlmapBBDO;Híbrido;https://almapbbdo.gupy.io/job/eyJqb2JJZCI6MTA3NjIyOTksInNvdXJjZSI6Imd1cHlfcG9ydGFsIn0=?jobBoardSource=gupy_portal;Sênior
ANALISTA DE DADOS PL;Opotunidade_Confidencial;Presencial;https://oportunidade_confidencial.gupy.io/job/eyJqb2JJZCI6MTA3NTUxNzgsInNvdXJjZSI6Imd1cHlfcG9ydGFsIn0=?jobBoardSource=gupy_portal;Pleno
ANALISTA DE DADOS JUNIOR ;MRO;Presencial;https://mroativa.gupy.io/job/eyJqb2JJZCI6MTA3NjEwMjAsInNvdXJjZSI6Imd1cHlfcG9ydGFsIn0=?jobBoardSource=gupy_portal;Júnior
Analista de Dados Pleno;BANCO INDUSTRIAL DO BRASIL;Presencial;https://bib.gupy.io/job/eyJqb2JJZCI6MTA3NTQ2MDAsInNvdXJjZSI6Imd1cHlfcG9ydGFsIn0=?jobBoardSource=gupy_portal;Pleno
Analista de Dados & Agentes IA;Instituto de Pesquisas ELDORADO;Híbrido;https://institutoeldorado.gupy.io/job/eyJqb2JJZCI6MTA3MDAyOTMsInNvdXJjZSI6Imd1cHlfcG9ydGFsIn0=?jobBoardSource=gupy_portal;Não Informado
Pessoa Desenvolvedora Fullstack Python e React III (Fundação da Plataforma de Dados e IA);Grupo Boticário;Remoto;https://grupoboticario.gupy.io/job/eyJqb2JJZCI6MTA3MjQzMTcsInNvdXJjZSI6Imd1cHlfcG9ydGFsIn0=?jobBoardSource=gupy_portal;Pleno
Coordenador de Engenharia de Dados (Analytics Engineering);UOL EdTech;Híbrido;https://uoledtech.gupy.io/job/eyJqb2JJZCI6MTA2OTQwMDAsInNvdXJjZSI6Imd1cHlfcG9ydGFsIn0=?jobBoardSource=gupy_portal;Não Informado
Analista de Dados Sênior - ETL & SAP;Smarthis;Remoto;https://smarthis.gupy.io/job/eyJqb2JJZCI6MTA3NTEzNDcsInNvdXJjZSI6Imd1cHlfcG9ydGFsIn0=?jobBoardSource=gupy_portal;Sênior
Analista de Dados Pleno;Grupo SEB;Presencial;https://gruposeb.gupy.io/job/eyJqb2JJZCI6MTA3NTkwMjksInNvdXJjZSI6Imd1cHlfcG9ydGFsIn0=?jobBoardSource=gupy_portal;Pleno
PROFESSOR I A - BANCO DE DADOS - SANTO AMARO - ESTÁCIO AO VIVO;Estácio;Presencial;https://vempraestacio.gupy.io/job/eyJqb2JJZCI6MTA3Mjg0MzIsInNvdXJjZSI6Imd1cHlfcG9ydGFsIn0=?jobBoardSource=gupy_portal;Não Informado
Estagiário(a) Análise de Dados (Águas Azuis);TKMS Estaleiro Brasil Sul;Presencial;https://tkmsebs.gupy.io/job/eyJqb2JJZCI6MTA3NTcwODMsInNvdXJjZSI6Imd1cHlfcG9ydGFsIn0=?jobBoardSource=gupy_portal;Não Informado
Gerente de Inteligência Artificial e Dados;Aramis;Presencial;https://aramis.gupy.io/job/eyJqb2JJZCI6MTA1MTI5MjQsInNvdXJjZSI6Imd1cHlfcG9ydGFsIn0=?jobBoardSource=gupy_portal;Não Informado
ENGENHEIRO DE DADOS III;Alper Carreiras;Híbrido;https://alpercarreiras.gupy.io/job/eyJqb2JJZCI6MTA3MTA5MjcsInNvdXJjZSI6Imd1cHlfcG9ydGFsIn0=?jobBoardSource=gupy_portal;Não Informado
Pessoa Analista de Dados Pleno ;WPP Media Services;Híbrido;https://wms.gupy.io/job/eyJqb2JJZCI6MTA3MjEzNjksInNvdXJjZSI6Imd1cHlfcG9ydGFsIn0=?jobBoardSource=gupy_portal;Pleno
Pessoa Analista de Dados Pleno;WPP Media Services;Híbrido;https://wms.gupy.io/job/eyJqb2JJZCI6MTA3MjEwMDUsInNvdXJjZSI6Imd1cHlfcG9ydGFsIn0=?jobBoardSource=gupy_portal;Pleno
Cientista de Dados Sênior (Foco: IA Generativa);Minerva Foods Tecnologia – Inovação que conecta, tecnologia que transforma.;Remoto;https://minervatech.gupy.io/job/eyJqb2JJZCI6MTA3NDc5OTAsInNvdXJjZSI6Imd1cHlfcG9ydGFsIn0=?jobBoardSource=gupy_portal;Sênior
Analista de Dados e Inteligência de Mercado;Oceânica ;Presencial;https://sejaoceanica.gupy.io/job/eyJqb2JJZCI6MTA2MjUwMTYsInNvdXJjZSI6Imd1cHlfcG9ydGFsIn0=?jobBoardSource=gupy_portal;Não Informado
Analista de Dados Júnior | Data Integration;Americanas S.A.;Híbrido;https://americanas.gupy.io/job/eyJqb2JJZCI6MTA3NTE1NDUsInNvdXJjZSI6Imd1cHlfcG9ydGFsIn0=?jobBoardSource=gupy_portal;Não Informado
Pessoa Engenheira de Dados Pleno - Mid-level Data Engineer;Hand Talk;Remoto;https://handtalk.gupy.io/job/eyJqb2JJZCI6MTA3NTEyNDAsInNvdXJjZSI6Imd1cHlfcG9ydGFsIn0=?jobBoardSource=gupy_portal;Pleno
Pessoa Engenheira de Dados Senior - Senior Data Engineer;Hand Talk;Remoto;https://handtalk.gupy.io/job/eyJqb2JJZCI6MTA3NTExMzIsInNvdXJjZSI6Imd1cHlfcG9ydGFsIn0=?jobBoardSource=gupy_portal;Sênior
Analista de Dados (Vaga exclusiva para PCD);Agronegócio;Presencial;https://grupofertipar.gupy.io/job/eyJqb2JJZCI6MTA3NTEwMzAsInNvdXJjZSI6Imd1cHlfcG9ydGFsIn0=?jobBoardSource=gupy_portal;Não Informado
Pessoa Arquiteta de Dados Senior - Senior Data Architect ;Hand Talk;Remoto;https://handtalk.gupy.io/job/eyJqb2JJZCI6MTA3NTA4NDcsInNvdXJjZSI6Imd1cHlfcG9ydGFsIn0=?jobBoardSource=gupy_portal;Sênior
Analista de Dados;Apex Partners;Presencial;https://apex.gupy.io/job/eyJqb2JJZCI6MTA3NTEwMDQsInNvdXJjZSI6Imd1cHlfcG9ydGFsIn0=?jobBoardSource=gupy_portal;Não Informado
Analista de Dados;Agronegócio;Presencial;https://grupofertipar.gupy.io/job/eyJqb2JJZCI6MTA3NTA2MzksInNvdXJjZSI6Imd1cHlfcG9ydGFsIn0=?jobBoardSource=gupy_portal;Não Informado
Data Engineer Lead - Pessoa Tech Lead Engenharia de Dados;Hand Talk;Remoto;https://handtalk.gupy.io/job/eyJqb2JJZCI6MTA3NTA3MTksInNvdXJjZSI6Imd1cHlfcG9ydGFsIn0=?jobBoardSource=gupy_portal;Não Informado
Cientista de Dados - Corporativo - Swift ;Swift;Presencial;https://swift.gupy.io/job/eyJqb2JJZCI6MTA3NDk1OTIsInNvdXJjZSI6Imd1cHlfcG9ydGFsIn0=?jobBoardSource=gupy_portal;Não Informado
Analista de Engenharia de dados e BI;Icomm Group;Presencial;https://icommgroup.gupy.io/job/eyJqb2JJZCI6MTA3NDg0NDIsInNvdXJjZSI6Imd1cHlfcG9ydGFsIn0=?jobBoardSource=gupy_portal;Não Informado
Pessoa Desenvolvedora BackEnd Python Especialista I (Diretoria de Dados);Grupo Boticário;Remoto;https://grupoboticario.gupy.io/job/eyJqb2JJZCI6MTA3MDcyNzUsInNvdXJjZSI6Imd1cHlfcG9ydGFsIn0=?jobBoardSource=gupy_portal;Não Informado
PESSOA DESENVOLVEDORA FULLSTACK REACT E PYTHON III (FERRAMENTAS DE DADOS E IA) ·;Grupo Boticário;Remoto;https://grupoboticario.gupy.io/job/eyJqb2JJZCI6MTA3MTIxMDUsInNvdXJjZSI6Imd1cHlfcG9ydGFsIn0=?jobBoardSource=gupy_portal;Não Informado
Engenheiro de Dados Sênior;RD Saúde;Remoto;https://rdsaude-corporativo.gupy.io/job/eyJqb2JJZCI6MTA3NDY0NjUsInNvdXJjZSI6Imd1cHlfcG9ydGFsIn0=?jobBoardSource=gupy_portal;Sênior
Analista de Advanced Analytics com modelagem de dados;credsystem;Híbrido;https://credsystem.gupy.io/job/eyJqb2JJZCI6MTA3NDU4NjUsInNvdXJjZSI6Imd1cHlfcG9ydGFsIn0=?jobBoardSource=gupy_portal;Não Informado
Analista de Dados Pleno ;Ceres Investimentos;Presencial;https://ceresinvestimentos.gupy.io/job/eyJqb2JJZCI6MTA3MDczMDUsInNvdXJjZSI6Imd1cHlfcG9ydGFsIn0=?jobBoardSource=gupy_portal;Pleno
ANALISTA DADOS SÊNIOR;Bernoulli Educação;Híbrido;https://bernoullieducacao.gupy.io/job/eyJqb2JJZCI6MTA3Mzk5MTQsInNvdXJjZSI6Imd1cHlfcG9ydGFsIn0=?jobBoardSource=gupy_portal;Sênior
ESPECIALISTA DE DADOS;Cogna Educação;Híbrido;https://cogna.gupy.io/job/eyJqb2JJZCI6MTA3MTkyMzMsInNvdXJjZSI6Imd1cHlfcG9ydGFsIn0=?jobBoardSource=gupy_portal;Não Informado
ESTAGIÁRIO(A) MARKETING - TECNOLOGIA, DADOS E INTELIGÊNCIA DE VENDAS - PORTO ALEGRE/RS ;TIMAC Agro Brasil;Presencial;https://timacagro.gupy.io/job/eyJqb2JJZCI6MTA3NDI3NzcsInNvdXJjZSI6Imd1cHlfcG9ydGFsIn0=?jobBoardSource=gupy_portal;Não Informado
ANALISTA DE DADOS SENIOR;Dotz;Híbrido;https://dotz.gupy.io/job/eyJqb2JJZCI6MTA3MjA5MTUsInNvdXJjZSI6Imd1cHlfcG9ydGFsIn0=?jobBoardSource=gupy_portal;Sênior
Cientista de Dados Pleno (Foco em agentes de IA/LLM);Minerva Foods Tecnologia – Inovação que conecta, tecnologia que transforma.;Remoto;https://minervatech.gupy.io/job/eyJqb2JJZCI6MTA3MjYxMjQsInNvdXJjZSI6Imd1cHlfcG9ydGFsIn0=?jobBoardSource=gupy_portal;Pleno
Analista de Dados - Vila Velha/ES | Maxpar;Grupo Autoglass Administrativo;Presencial;https://autoglassadministrativo.gupy.io/job/eyJqb2JJZCI6MTA3MjY4MzAsInNvdXJjZSI6Imd1cHlfcG9ydGFsIn0=?jobBoardSource=gupy_portal;Não Informado
Agile Coach Sr (Dados);C&A Brasil;Híbrido;https://cea.gupy.io/job/eyJqb2JJZCI6MTA3NDEyMzUsInNvdXJjZSI6Imd1cHlfcG9ydGFsIn0=?jobBoardSource=gupy_portal;Sênior
Estágio de Dados em Energia;LUZ;Presencial;https://sualuz.gupy.io/job/eyJqb2JJZCI6MTA3NDAyODUsInNvdXJjZSI6Imd1cHlfcG9ydGFsIn0=?jobBoardSource=gupy_portal;Não Informado
Coordenador(a) Engenharia Dados II;Raízen ;Remoto;https://genteraizen.gupy.io/job/eyJqb2JJZCI6MTA2Nzk2NDIsInNvdXJjZSI6Imd1cHlfcG9ydGFsIn0=?jobBoardSource=gupy_portal;Não Informado
Analista de Dados Pl - Supply Chain (Extrema/MG);Grupo SBF ;Presencial;https://gruposbftalentos.gupy.io/job/eyJqb2JJZCI6MTA2OTExMDEsInNvdXJjZSI6Imd1cHlfcG9ydGFsIn0=?jobBoardSource=gupy_portal;Pleno
Estagiário de Dados e Inteligência Comercial;Ceres Investimentos;Presencial;https://ceresinvestimentos.gupy.io/job/eyJqb2JJZCI6MTA1ODIyMjcsInNvdXJjZSI6Imd1cHlfcG9ydGFsIn0=?jobBoardSource=gupy_portal;Não Informado
Analista de Tecnologia da Informação - DADOS;Unilider Distribuidora ;Presencial;https://unilider.gupy.io/job/eyJqb2JJZCI6MTA3Mzc3NjUsInNvdXJjZSI6Imd1cHlfcG9ydGFsIn0=?jobBoardSource=gupy_portal;Não Informado
Analista de Dados Sr;Vibra Energia;Híbrido;https://vibraenergia.gupy.io/job/eyJqb2JJZCI6MTA3Mzc2NzIsInNvdXJjZSI6Imd1cHlfcG9ydGFsIn0=?jobBoardSource=gupy_portal;Sênior
Pessoa de Engenharia de Dados;Instituto de Pesquisas ELDORADO;Híbrido;https://institutoeldorado.gupy.io/job/eyJqb2JJZCI6MTA3MDA1OTEsInNvdXJjZSI6Imd1cHlfcG9ydGFsIn0=?jobBoardSource=gupy_portal;Não Informado
Engenheiro(a) de Dados Sr;Vibra Energia;Híbrido;https://vibraenergia.gupy.io/job/eyJqb2JJZCI6MTA3MzcyODEsInNvdXJjZSI6Imd1cHlfcG9ydGFsIn0=?jobBoardSource=gupy_portal;Sênior
Administrador de Banco de Dados III (15:00 às 23:45);Central Ailos;Híbrido;https://centralailos.gupy.io/job/eyJqb2JJZCI6MTA3MDg4NjAsInNvdXJjZSI6Imd1cHlfcG9ydGFsIn0=?jobBoardSource=gupy_portal;Não Informado
Engenheiro (a) de Dados;Avita;Híbrido;https://avitaseg.gupy.io/job/eyJqb2JJZCI6MTA3MzYyMDMsInNvdXJjZSI6Imd1cHlfcG9ydGFsIn0=?jobBoardSource=gupy_portal;Não Informado
Analista de Dados;Recrutamento para área de tecnologia com Fit Cultural e Aderência Técnica.;Híbrido;https://werecruiter.gupy.io/job/eyJqb2JJZCI6MTA3MzYwNjgsInNvdXJjZSI6Imd1cHlfcG9ydGFsIn0=?jobBoardSource=gupy_portal;Não Informado
ANALISTA DE DADOS JURIDICOS JR;JSL;Presencial;https://jsl.gupy.io/job/eyJqb2JJZCI6MTA3MTI2MzYsInNvdXJjZSI6Imd1cHlfcG9ydGFsIn0=?jobBoardSource=gupy_portal;Júnior
Banco da Dados Estágio;TRADERS ;Presencial;https://traders.gupy.io/job/eyJqb2JJZCI6MTA3MzM5MTEsInNvdXJjZSI6Imd1cHlfcG9ydGFsIn0=?jobBoardSource=gupy_portal;Não Informado
Analista de Dados em Logística JR (Afirmativa para PCD);Ipiranga;Híbrido;https://ipiranga.gupy.io/job/eyJqb2JJZCI6MTA3MDcxMDgsInNvdXJjZSI6Imd1cHlfcG9ydGFsIn0=?jobBoardSource=gupy_portal;Júnior
Analista de Dados Pleno;Pmweb;Remoto;https://pmweb.gupy.io/job/eyJqb2JJZCI6MTA3MTI0NDYsInNvdXJjZSI6Imd1cHlfcG9ydGFsIn0=?jobBoardSource=gupy_portal;Pleno
Analista de Dados Júnior;Suhai Seguradora;Híbrido;https://suhaiseguradora.gupy.io/job/eyJqb2JJZCI6MTA0NDIyNzMsInNvdXJjZSI6Imd1cHlfcG9ydGFsIn0=?jobBoardSource=gupy_portal;Não Informado
Analista de Dados JR;Unimed Campinas;Híbrido;https://unimedcampinas.gupy.io/job/eyJqb2JJZCI6MTA3MzIyOTYsInNvdXJjZSI6Imd1cHlfcG9ydGFsIn0=?jobBoardSource=gupy_portal;Júnior
Estágio em Dados ;Bora fazer acontecer com a gente?;Híbrido;https://otusengenharia.gupy.io/job/eyJqb2JJZCI6MTA3MzE2MTQsInNvdXJjZSI6Imd1cHlfcG9ydGFsIn0=?jobBoardSource=gupy_portal;Não Informado
Especialista de Dados (Data Engineer / DataOps);Pmweb;Híbrido;https://pmweb.gupy.io/job/eyJqb2JJZCI6MTA3MTQ0MjksInNvdXJjZSI6Imd1cHlfcG9ydGFsIn0=?jobBoardSource=gupy_portal;Não Informado
Pessoa Analista de Dados Pleno (Freelancer);AlmapBBDO;Híbrido;https://almapbbdo.gupy.io/job/eyJqb2JJZCI6MTA1ODM0NzgsInNvdXJjZSI6Imd1cHlfcG9ydGFsIn0=?jobBoardSource=gupy_portal;Pleno
ANALISTA DADOS JR ( VAGA AFIRMATIVA PARA PESSOA COM DEFICIÊNCIA);Unidas;Híbrido;https://unidas.gupy.io/job/eyJqb2JJZCI6MTA3Mjc5OTAsInNvdXJjZSI6Imd1cHlfcG9ydGFsIn0=?jobBoardSource=gupy_portal;Júnior
CIENTISTA DE DADOS SR;Stefanini Group;Híbrido;https://stefanini.gupy.io/job/eyJqb2JJZCI6MTA2OTY1NjQsInNvdXJjZSI6Imd1cHlfcG9ydGFsIn0=?jobBoardSource=gupy_portal;Sênior
ANALISTA DE DADOS PLENO;Brasilprev;Híbrido;https://brasilprev.gupy.io/job/eyJqb2JJZCI6MTA2OTExODUsInNvdXJjZSI6Imd1cHlfcG9ydGFsIn0=?jobBoardSource=gupy_portal;Pleno
ANALISTA DE DADOS PL;CS Brasil;Presencial;https://csbrasil.gupy.io/job/eyJqb2JJZCI6MTA3MTI2MDksInNvdXJjZSI6Imd1cHlfcG9ydGFsIn0=?jobBoardSource=gupy_portal;Pleno
Engenheiro de Dados - Uberlândia ;Uberlândia Refrescos;Presencial;https://uberlandiarefrescos.gupy.io/job/eyJqb2JJZCI6MTA2ODQxMjAsInNvdXJjZSI6Imd1cHlfcG9ydGFsIn0=?jobBoardSource=gupy_portal;Não Informado
Especialista de Dados;CARBON;Presencial;https://carbon.gupy.io/job/eyJqb2JJZCI6MTA3MTUxOTcsInNvdXJjZSI6Imd1cHlfcG9ydGFsIn0=?jobBoardSource=gupy_portal;Não Informado
Cientista de Dados Full Stack – Pipeline de Dados & Otimização (Algoritmos Genéticos);Leega Consultoria;Remoto;https://leega.gupy.io/job/eyJqb2JJZCI6MTA3MjQ1OTgsInNvdXJjZSI6Imd1cHlfcG9ydGFsIn0=?jobBoardSource=gupy_portal;Não Informado
Supervisor de TI - Dados e Inovação - Uberlândia ;Uberlândia Refrescos;Presencial;https://uberlandiarefrescos.gupy.io/job/eyJqb2JJZCI6MTA2ODQxMTgsInNvdXJjZSI6Imd1cHlfcG9ydGFsIn0=?jobBoardSource=gupy_portal;Não Informado
Estagiário(a) Graduação – Dados e Performance (Dados e Audiência);Grupo RBS;Híbrido;https://gruporbs.gupy.io/job/eyJqb2JJZCI6MTA3MjExODAsInNvdXJjZSI6Imd1cHlfcG9ydGFsIn0=?jobBoardSource=gupy_portal;Não Informado
Especialista em Análise de Dados ;ALLOS;Remoto;https://carreirasallos.gupy.io/job/eyJqb2JJZCI6MTA2NDY5NzcsInNvdXJjZSI6Imd1cHlfcG9ydGFsIn0=?jobBoardSource=gupy_portal;Não Informado
Engenheiro(a) de Dados Sênior (Especialista em Crawlers e Orquestração);Cortex;Remoto;https://cortex.gupy.io/job/eyJqb2JJZCI6MTA3MDgyMDYsInNvdXJjZSI6Imd1cHlfcG9ydGFsIn0=?jobBoardSource=gupy_portal;Sênior
ENGENHEIRO (A) DE DADOS ;Movida Aluguel de Carros;Híbrido;https://movida.gupy.io/job/eyJqb2JJZCI6MTA3MjQwNjMsInNvdXJjZSI6Imd1cHlfcG9ydGFsIn0=?jobBoardSource=gupy_portal;Não Informado
Especialista de Análise de Dados;MICHELIN Connected Fleet ;Híbrido;https://michelinconnectedfleet.gupy.io/job/eyJqb2JJZCI6MTA3MjM2OTMsInNvdXJjZSI6Imd1cHlfcG9ydGFsIn0=?jobBoardSource=gupy_portal;Não Informado
Gerente de Análise e Ciência de Dados	;Farmácias Pague Menos;Presencial;https://paguemenosextrafarma.gupy.io/job/eyJqb2JJZCI6MTA3MjMzMjgsInNvdXJjZSI6Imd1cHlfcG9ydGFsIn0=?jobBoardSource=gupy_portal;Não Informado
Gerente de Engenharia de Dados;Farmácias Pague Menos;Presencial;https://paguemenosextrafarma.gupy.io/job/eyJqb2JJZCI6MTA3MjMwNzAsInNvdXJjZSI6Imd1cHlfcG9ydGFsIn0=?jobBoardSource=gupy_portal;Não Informado
Cientista de Dados Pl/Sr - Afirmativa PCDs;DB;Remoto;https://db.gupy.io/job/eyJqb2JJZCI6MTA2Mjk4MzUsInNvdXJjZSI6Imd1cHlfcG9ydGFsIn0=?jobBoardSource=gupy_portal;Pleno
Advogada (o) | Proteção de Dados;Dannemann;Híbrido;https://dannemann.gupy.io/job/eyJqb2JJZCI6MTA3MjIxNDcsInNvdXJjZSI6Imd1cHlfcG9ydGFsIn0=?jobBoardSource=gupy_portal;Não Informado
Analista de Dados Senior;Pitzi ;Remoto;https://pitzi.gupy.io/job/eyJqb2JJZCI6MTA3MjAwOTEsInNvdXJjZSI6Imd1cHlfcG9ydGFsIn0=?jobBoardSource=gupy_portal;Sênior
Analista Ciência Dados Sr (Otimização e Prescriptive Analytics);Raízen ;Remoto;https://genteraizen.gupy.io/job/eyJqb2JJZCI6MTA2NTk3OTAsInNvdXJjZSI6Imd1cHlfcG9ydGFsIn0=?jobBoardSource=gupy_portal;Sênior
Analista Ciência Dados Sr;Raízen ;Remoto;https://genteraizen.gupy.io/job/eyJqb2JJZCI6MTA2NTk3MzEsInNvdXJjZSI6Imd1cHlfcG9ydGFsIn0=?jobBoardSource=gupy_portal;Sênior
ENGENHEIRO DE DADOS - HOME OFFICE  ;Paschoalotto;Remoto;https://paschoalotto.gupy.io/job/eyJqb2JJZCI6MTA3MTY4NDIsInNvdXJjZSI6Imd1cHlfcG9ydGFsIn0=?jobBoardSource=gupy_portal;Não Informado
Assistente Administrativo - Dados;Capital Upgrade - CAUP;Presencial;https://capitalupgrade.gupy.io/job/eyJqb2JJZCI6MTA3MTU2MTQsInNvdXJjZSI6Imd1cHlfcG9ydGFsIn0=?jobBoardSource=gupy_portal;Não Informado
Cientista de Dados - Sênior;Genial Investimentos;Presencial;https://genial.gupy.io/job/eyJqb2JJZCI6MTA3MTM2OTksInNvdXJjZSI6Imd1cHlfcG9ydGFsIn0=?jobBoardSource=gupy_portal;Sênior
Líder de Dados - IA Generativa| Maxpar;Grupo Autoglass Administrativo;Presencial;https://autoglassadministrativo.gupy.io/job/eyJqb2JJZCI6MTA3MTMwOTIsInNvdXJjZSI6Imd1cHlfcG9ydGFsIn0=?jobBoardSource=gupy_portal;Não Informado
Analista de Dados Pleno – Gestão de Carteira de Clientes ;Fortbras;Presencial;https://fortbras.gupy.io/job/eyJqb2JJZCI6MTA3MTAxNzUsInNvdXJjZSI6Imd1cHlfcG9ydGFsIn0=?jobBoardSource=gupy_portal;Pleno
ESTAGIÁRIO DE DADOS MACEIÓ - AL;TERRA TECNOLOGIA AGRÍCOLA;Presencial;https://terratecnologia.gupy.io/job/eyJqb2JJZCI6MTA3MDk2NDIsInNvdXJjZSI6Imd1cHlfcG9ydGFsIn0=?jobBoardSource=gupy_portal;Não Informado
Analista de Dados Sr – Gestão de Carteira de Clientes e Performance Comercial ;Fortbras;Presencial;https://fortbras.gupy.io/job/eyJqb2JJZCI6MTA3MDgwOTYsInNvdXJjZSI6Imd1cHlfcG9ydGFsIn0=?jobBoardSource=gupy_portal;Sênior
Administrador de banco de dados Jr;Sabium Sistemas;Presencial;https://sabiumcarreiras.gupy.io/job/eyJqb2JJZCI6MTA3MDg5MzQsInNvdXJjZSI6Imd1cHlfcG9ydGFsIn0=?jobBoardSource=gupy_portal;Júnior
Analista de Dados Sênior | People Analytics;Dasa;Presencial;https://dasacorp.gupy.io/job/eyJqb2JJZCI6MTA1MzM1NDQsInNvdXJjZSI6Imd1cHlfcG9ydGFsIn0=?jobBoardSource=gupy_portal;Pleno
Administrador de Dados;CAPEMISA Seguradora e CAPEMISA Capitalização ;Remoto;https://capemisa.gupy.io/job/eyJqb2JJZCI6MTA3MDc2ODIsInNvdXJjZSI6Imd1cHlfcG9ydGFsIn0=?jobBoardSource=gupy_portal;Não Informado
Analista de Privacidade e Proteção de Dados Pleno;Unifique Telecomunicações;Remoto;https://vemserunifique.gupy.io/job/eyJqb2JJZCI6MTA2MTg0MTMsInNvdXJjZSI6Imd1cHlfcG9ydGFsIn0=?jobBoardSource=gupy_portal;Pleno
GERENTE DE PLATAFORMA DE DADOS - HÍBRIDA, SÃO PAULO;Recruta;Híbrido;https://recruta.gupy.io/job/eyJqb2JJZCI6MTA2NzkzMDYsInNvdXJjZSI6Imd1cHlfcG9ydGFsIn0=?jobBoardSource=gupy_portal;Pleno
Especialista em Inteligência de Dados-APP;Porto;Presencial;https://porto.gupy.io/job/eyJqb2JJZCI6MTA2NjMzODAsInNvdXJjZSI6Imd1cHlfcG9ydGFsIn0=?jobBoardSource=gupy_portal;Não Informado
 Analista de Engenharia de Dados Pleno - Comunidade Operações Finanças (Vaga Afirmativa para Mulheres);Itaú Unibanco;Híbrido;https://vemproitau.gupy.io/job/eyJqb2JJZCI6MTA2NDkzMDcsInNvdXJjZSI6Imd1cHlfcG9ydGFsIn0=?jobBoardSource=gupy_portal;Pleno
Analista de Dados Sênior;V.tal | o futuro passa por aqui;Híbrido;https://vtal.gupy.io/job/eyJqb2JJZCI6MTA3MDMwODQsInNvdXJjZSI6Imd1cHlfcG9ydGFsIn0=?jobBoardSource=gupy_portal;Sênior
Engenheiro de Dados - Pleno ;Franq;Presencial;https://franq.gupy.io/job/eyJqb2JJZCI6MTA3MDQ0OTMsInNvdXJjZSI6Imd1cHlfcG9ydGFsIn0=?jobBoardSource=gupy_portal;Pleno
Analista de Dados I - Governança de Dados - Vila Velha/ES | Maxpar;Grupo Autoglass Administrativo;Presencial;https://autoglassadministrativo.gupy.io/job/eyJqb2JJZCI6MTA2NTk1MzAsInNvdXJjZSI6Imd1cHlfcG9ydGFsIn0=?jobBoardSource=gupy_portal;Não Informado
Analista de Dados - Marketing  / Vila Velha, E.S;CPAPS;Presencial;https://cpaps.gupy.io/job/eyJqb2JJZCI6MTA3MDM4ODUsInNvdXJjZSI6Imd1cHlfcG9ydGFsIn0=?jobBoardSource=gupy_portal;Não Informado
ENGENHEIRO DE DADOS SR;Grupo Direcional Engenharia;Híbrido;https://direcionalengenharia.gupy.io/job/eyJqb2JJZCI6MTA3MDMzNTUsInNvdXJjZSI6Imd1cHlfcG9ydGFsIn0=?jobBoardSource=gupy_portal;Sênior
ANALISTA DE DADOS SÊNIOR - PIT STOP | BELO HORIZONTE/MG;Localiza&Co;Híbrido;https://localiza.gupy.io/job/eyJqb2JJZCI6MTA1NzYzOTIsInNvdXJjZSI6Imd1cHlfcG9ydGFsIn0=?jobBoardSource=gupy_portal;Sênior
Scrum Master – Projetos de Dados e Analytics;Stefanini Group;Remoto;https://stefanini.gupy.io/job/eyJqb2JJZCI6MTA3MDExODksInNvdXJjZSI6Imd1cHlfcG9ydGFsIn0=?jobBoardSource=gupy_portal;Não Informado
Pessoa Engenheira de Dados Freelancer;AlmapBBDO;Híbrido;https://almapbbdo.gupy.io/job/eyJqb2JJZCI6MTA2NTQ5MzksInNvdXJjZSI6Imd1cHlfcG9ydGFsIn0=?jobBoardSource=gupy_portal;Não Informado
Engenheiro de Dados Sênior;Join | Creative Tech;Híbrido;https://jointecnologia.gupy.io/job/eyJqb2JJZCI6MTA2OTg1NDIsInNvdXJjZSI6Imd1cHlfcG9ydGFsIn0=?jobBoardSource=gupy_portal;Sênior
Arquiteto de Dados Sênior;Join | Creative Tech;Híbrido;https://jointecnologia.gupy.io/job/eyJqb2JJZCI6MTA2OTgyMDUsInNvdXJjZSI6Imd1cHlfcG9ydGFsIn0=?jobBoardSource=gupy_portal;Sênior
 Analista de Governança de Dados Sênior;Join | Creative Tech;Híbrido;https://jointecnologia.gupy.io/job/eyJqb2JJZCI6MTA2OTc5MTAsInNvdXJjZSI6Imd1cHlfcG9ydGFsIn0=?jobBoardSource=gupy_portal;Sênior
ANALISTA DE DADOS E AUTOMAÇÃO JR | BELO HORIZONTE/MG;Localiza&Co;Híbrido;https://localiza.gupy.io/job/eyJqb2JJZCI6MTA0Njc5NzEsInNvdXJjZSI6Imd1cHlfcG9ydGFsIn0=?jobBoardSource=gupy_portal;Júnior
ANALISTA DE BANCO DE DADOS ORACLE;Globalweb;Presencial;https://sejaglobalweb.gupy.io/job/eyJqb2JJZCI6MTA2MjEzODMsInNvdXJjZSI6Imd1cHlfcG9ydGFsIn0=?jobBoardSource=gupy_portal;Não Informado
CAS | Especialista de Engenharia de Dados;Sicredi;Remoto;https://sicredi.gupy.io/job/eyJqb2JJZCI6MTA2ODQzMzQsInNvdXJjZSI6Imd1cHlfcG9ydGFsIn0=?jobBoardSource=gupy_portal;Não Informado
CAS | Engenharia de Dados SR;Sicredi;Remoto;https://sicredi.gupy.io/job/eyJqb2JJZCI6MTA2ODY0MDksInNvdXJjZSI6Imd1cHlfcG9ydGFsIn0=?jobBoardSource=gupy_portal;Sênior
 10675064 - Analista de Dados Pl;MTP Métodos e Tecnologia – Brasil;Híbrido;https://mtpbrasil.gupy.io/job/eyJqb2JJZCI6MTA2NzUwNjQsInNvdXJjZSI6Imd1cHlfcG9ydGFsIn0=?jobBoardSource=gupy_portal;Pleno
Analista de Marketing Jr. - Foco em Dados e Performance;Confidencial;Presencial;https://sigilosa.gupy.io/job/eyJqb2JJZCI6MTA2OTE3MDEsInNvdXJjZSI6Imd1cHlfcG9ydGFsIn0=?jobBoardSource=gupy_portal;Júnior
PESSOA COORDENADORA DE DADOS - HÍBRIDA, SÃO PAULO;Cogna Educação;Híbrido;https://cogna.gupy.io/job/eyJqb2JJZCI6MTA2NDI3NDMsInNvdXJjZSI6Imd1cHlfcG9ydGFsIn0=?jobBoardSource=gupy_portal;Não Informado
Cientista de Dados Sênior ;Núclea;Híbrido;https://nuclea.gupy.io/job/eyJqb2JJZCI6MTA2Nzg0MjEsInNvdXJjZSI6Imd1cHlfcG9ydGFsIn0=?jobBoardSource=gupy_portal;Sênior
Engenheiro de Dados;+A Educação Tech;Remoto;https://maisaedu-tech.gupy.io/job/eyJqb2JJZCI6MTA2ODQ0MDIsInNvdXJjZSI6Imd1cHlfcG9ydGFsIn0=?jobBoardSource=gupy_portal;Não Informado
Engenheiro de Dados PL - (Chapecó-SC) ;IXC Soft - Sistema de Gerenciamento para Provedores;Presencial;https://vemserixcsoft.gupy.io/job/eyJqb2JJZCI6MTA2NjUwMDQsInNvdXJjZSI6Imd1cHlfcG9ydGFsIn0=?jobBoardSource=gupy_portal;Pleno
Cientista de Dados Pleno (Crédito);Conta Simples;Remoto;https://contasimples.gupy.io/job/eyJqb2JJZCI6MTA2MzcyOTgsInNvdXJjZSI6Imd1cHlfcG9ydGFsIn0=?jobBoardSource=gupy_portal;Pleno
Analista de Inteligência Artificial Sênior (Ciência de Dados);Constellation Oil Services;Híbrido;https://theconstellation.gupy.io/job/eyJqb2JJZCI6MTA2ODI2MTEsInNvdXJjZSI6Imd1cHlfcG9ydGFsIn0=?jobBoardSource=gupy_portal;Sênior
Analista de Gestão de Dados ;Alltech do Brasil;Presencial;https://alltechdobrasil.gupy.io/job/eyJqb2JJZCI6MTA2ODIwNDYsInNvdXJjZSI6Imd1cHlfcG9ydGFsIn0=?jobBoardSource=gupy_portal;Não Informado
ANALISTA DE DADOS E DOCUMENTOS JR (GESTÃO DOCUMENTAL);3corações;Presencial;https://3coracoes.gupy.io/job/eyJqb2JJZCI6MTA2ODAwOTksInNvdXJjZSI6Imd1cHlfcG9ydGFsIn0=?jobBoardSource=gupy_portal;Júnior
Pessoa Engenheira de Dados (Prompt Engineer);Kenlo;Remoto;https://kenlo.gupy.io/job/eyJqb2JJZCI6MTA2NjU4NjQsInNvdXJjZSI6Imd1cHlfcG9ydGFsIn0=?jobBoardSource=gupy_portal;Não Informado
Cientista de Dados Sênior;Grupo Panvel;Híbrido;https://corporativopanvel.gupy.io/job/eyJqb2JJZCI6MTA2ODAyODUsInNvdXJjZSI6Imd1cHlfcG9ydGFsIn0=?jobBoardSource=gupy_portal;Sênior
Cientista de Dados Pleno;Grupo Panvel;Híbrido;https://corporativopanvel.gupy.io/job/eyJqb2JJZCI6MTA2ODAxNzgsInNvdXJjZSI6Imd1cHlfcG9ydGFsIn0=?jobBoardSource=gupy_portal;Pleno
Cientista de Dados Júnior ;Grupo Panvel;Híbrido;https://corporativopanvel.gupy.io/job/eyJqb2JJZCI6MTA2ODAwODksInNvdXJjZSI6Imd1cHlfcG9ydGFsIn0=?jobBoardSource=gupy_portal;Não Informado
Engenheiro de Dados Azure/Databricks Pleno ;Leega Consultoria;Remoto;https://leega.gupy.io/job/eyJqb2JJZCI6MTA2NzcxMjAsInNvdXJjZSI6Imd1cHlfcG9ydGFsIn0=?jobBoardSource=gupy_portal;Pleno
Estágio de Loyalty / Dados (Área de Marketing) ;Cinemark Brasil;Híbrido;https://cinemark.gupy.io/job/eyJqb2JJZCI6MTA2NzY2NjYsInNvdXJjZSI6Imd1cHlfcG9ydGFsIn0=?jobBoardSource=gupy_portal;Não Informado
Analista de Dados Econômicos. ;ANBIMA  ;Híbrido;https://anbima.gupy.io/job/eyJqb2JJZCI6MTA0NDM5MjEsInNvdXJjZSI6Imd1cHlfcG9ydGFsIn0=?jobBoardSource=gupy_portal;Não Informado
Visagio Talentos - Estágio: Engenheiro(a) de Dados RJ;v(dev);Presencial;https://vdev.gupy.io/job/eyJqb2JJZCI6MTA2NzI0OTAsInNvdXJjZSI6Imd1cHlfcG9ydGFsIn0=?jobBoardSource=gupy_portal;Não Informado
Visagio Talentos - Estágio: Engenheiro(a) de Dados SP;v(dev);Presencial;https://vdev.gupy.io/job/eyJqb2JJZCI6MTA2NzI0MjUsInNvdXJjZSI6Imd1cHlfcG9ydGFsIn0=?jobBoardSource=gupy_portal;Não Informado
Visagio Talentos - Estágio: Engenheiro(a) de Dados NE;v(dev);Presencial;https://vdev.gupy.io/job/eyJqb2JJZCI6MTA2NzIzMjAsInNvdXJjZSI6Imd1cHlfcG9ydGFsIn0=?jobBoardSource=gupy_portal;Não Informado
LWSA | Especialista de Dados | Remoto;LWSA;Remoto;https://lwsa.gupy.io/job/eyJqb2JJZCI6MTA2NDY5MjEsInNvdXJjZSI6Imd1cHlfcG9ydGFsIn0=?jobBoardSource=gupy_portal;Não Informado
Administrador de Banco de Dados (DBA);MedSênior;Híbrido;https://medsenior.gupy.io/job/eyJqb2JJZCI6MTA2NjUwMDEsInNvdXJjZSI6Imd1cHlfcG9ydGFsIn0=?jobBoardSource=gupy_portal;Não Informado
Engenheiro de Dados;Smarthis;Remoto;https://smarthis.gupy.io/job/eyJqb2JJZCI6MTA2NjMyMDYsInNvdXJjZSI6Imd1cHlfcG9ydGFsIn0=?jobBoardSource=gupy_portal;Não Informado
Estágiário(a) Comercial ( Planejamento, dados estatísticos e econômicos) ;Wilson Sons;Presencial;https://wilsonsons.gupy.io/job/eyJqb2JJZCI6MTA2NjI1NzgsInNvdXJjZSI6Imd1cHlfcG9ydGFsIn0=?jobBoardSource=gupy_portal;Pleno
Analista de Dados Pleno | São Paulo - SP;Mantiqueira Brasil;Presencial;https://mantiqueirabrasil.gupy.io/job/eyJqb2JJZCI6MTA2NTk4MjcsInNvdXJjZSI6Imd1cHlfcG9ydGFsIn0=?jobBoardSource=gupy_portal;Pleno
Engenheiro de Dados Especialista ;ALLOS;Remoto;https://carreirasallos.gupy.io/job/eyJqb2JJZCI6MTA2NDY5MzAsInNvdXJjZSI6Imd1cHlfcG9ydGFsIn0=?jobBoardSource=gupy_portal;Não Informado
Analista de Dados Sr - Riscos e Controles ;BANCO DAYCOVAL;Híbrido;https://bancodaycoval.gupy.io/job/eyJqb2JJZCI6MTA2NjE2NTcsInNvdXJjZSI6Imd1cHlfcG9ydGFsIn0=?jobBoardSource=gupy_portal;Sênior
CAS | Coordenação de Qualidade de Dados e Inteligência Artificial ;Sicredi;Híbrido;https://sicredi.gupy.io/job/eyJqb2JJZCI6MTA2MjUzMjAsInNvdXJjZSI6Imd1cHlfcG9ydGFsIn0=?jobBoardSource=gupy_portal;Não Informado
CAS | Coordenação de Governança de Dados;Sicredi;Híbrido;https://sicredi.gupy.io/job/eyJqb2JJZCI6MTA2MzQwMDMsInNvdXJjZSI6Imd1cHlfcG9ydGFsIn0=?jobBoardSource=gupy_portal;Não Informado
Administrador Banco de Dados PL;Telefónica Tech;Presencial;https://ttech.gupy.io/job/eyJqb2JJZCI6MTA2NTMxNzYsInNvdXJjZSI6Imd1cHlfcG9ydGFsIn0=?jobBoardSource=gupy_portal;Pleno
Administrador Banco de Dados PL;Telefónica Tech;Presencial;https://ttech.gupy.io/job/eyJqb2JJZCI6MTA2NTMxNTUsInNvdXJjZSI6Imd1cHlfcG9ydGFsIn0=?jobBoardSource=gupy_portal;Pleno
Especialista em Banco de Dados / DBA Sênior (Oracle);Venha fazer parte do Corporativo da Hospital Care;Híbrido;https://hospitalcare.gupy.io/job/eyJqb2JJZCI6MTA2MzM3MTUsInNvdXJjZSI6Imd1cHlfcG9ydGFsIn0=?jobBoardSource=gupy_portal;Sênior
Cientista de Dados;Claro;Presencial;https://vempraclaro.gupy.io/job/eyJqb2JJZCI6MTA2MzYyNzEsInNvdXJjZSI6Imd1cHlfcG9ydGFsIn0=?jobBoardSource=gupy_portal;Não Informado
Analista de Proteção de Dados Sr. (Temporário);CAIXA Vida e Previdência;Híbrido;https://caixavidaeprevidencia.gupy.io/job/eyJqb2JJZCI6MTA1NDU2NjcsInNvdXJjZSI6Imd1cHlfcG9ydGFsIn0=?jobBoardSource=gupy_portal;Sênior
Analista Contábil Sênior | Ênfase em Banco de Dados;C&A Brasil;Híbrido;https://cea.gupy.io/job/eyJqb2JJZCI6MTA2NDgyMTYsInNvdXJjZSI6Imd1cHlfcG9ydGFsIn0=?jobBoardSource=gupy_portal;Sênior
Analista de Dados Pleno;Vagas Confidenciais;Remoto;https://off-hiring-confidencial.gupy.io/job/eyJqb2JJZCI6MTA2NDg5NjAsInNvdXJjZSI6Imd1cHlfcG9ydGFsIn0=?jobBoardSource=gupy_portal;Pleno
Analista de Dados;Confidencial;Presencial;https://vagasconfig.gupy.io/job/eyJqb2JJZCI6MTA2NDgwNzYsInNvdXJjZSI6Imd1cHlfcG9ydGFsIn0=?jobBoardSource=gupy_portal;Não Informado
Analista de Dados (Performance Esportiva);LOUD;Remoto;https://loud.gupy.io/job/eyJqb2JJZCI6MTA2NDc3MDIsInNvdXJjZSI6Imd1cHlfcG9ydGFsIn0=?jobBoardSource=gupy_portal;Não Informado
Analista de Processos e Requisitos – Governança de Dados;RD Saúde;Híbrido;https://rdsaude-corporativo.gupy.io/job/eyJqb2JJZCI6MTA2NDc0NTQsInNvdXJjZSI6Imd1cHlfcG9ydGFsIn0=?jobBoardSource=gupy_portal;Não Informado
Engenheiro de Dados  ;Beep Saúde ;Remoto;https://beepsaude.gupy.io/job/eyJqb2JJZCI6MTA2NDc1NTgsInNvdXJjZSI6Imd1cHlfcG9ydGFsIn0=?jobBoardSource=gupy_portal;Não Informado
TECH LEAD DADOS - HOME OFFICE  ;Paschoalotto;Remoto;https://paschoalotto.gupy.io/job/eyJqb2JJZCI6MTA2NDcxMzEsInNvdXJjZSI6Imd1cHlfcG9ydGFsIn0=?jobBoardSource=gupy_portal;Não Informado
Cientista de Dados - Corporativo;Expresso São Miguel;Presencial;https://sejaesm.gupy.io/job/eyJqb2JJZCI6MTA2NDI1MTAsInNvdXJjZSI6Imd1cHlfcG9ydGFsIn0=?jobBoardSource=gupy_portal;Não Informado
Cientista de Dados - SOC;Trust Control ;Híbrido;https://vemsertruster.gupy.io/job/eyJqb2JJZCI6MTA1OTk0MzksInNvdXJjZSI6Imd1cHlfcG9ydGFsIn0=?jobBoardSource=gupy_portal;Não Informado
Analista de Dados - Migração ;Attus Procuradoria Digital;Remoto;https://attus.gupy.io/job/eyJqb2JJZCI6MTA2NDEyMDksInNvdXJjZSI6Imd1cHlfcG9ydGFsIn0=?jobBoardSource=gupy_portal;Não Informado
Analista de Dados (BI e CRM) Sênior;Stine Sementes;Híbrido;https://stinesementes.gupy.io/job/eyJqb2JJZCI6MTA2Mzc4NjQsInNvdXJjZSI6Imd1cHlfcG9ydGFsIn0=?jobBoardSource=gupy_portal;Sênior
CAS | Engenharia de Dados PL/SR - Foco em Concessão de Crédito e Garantias;Sicredi;Remoto;https://sicredi.gupy.io/job/eyJqb2JJZCI6MTA2MzYyNTgsInNvdXJjZSI6Imd1cHlfcG9ydGFsIn0=?jobBoardSource=gupy_portal;Pleno
Especialista em Banco de Dados Oracle;Telefónica Tech;Híbrido;https://ttech.gupy.io/job/eyJqb2JJZCI6MTA2Mjk4MDIsInNvdXJjZSI6Imd1cHlfcG9ydGFsIn0=?jobBoardSource=gupy_portal;Não Informado
Analista de Dados / BI  ;Beep Saúde ;Presencial;https://beepsaude.gupy.io/job/eyJqb2JJZCI6MTA2MzY3NTcsInNvdXJjZSI6Imd1cHlfcG9ydGFsIn0=?jobBoardSource=gupy_portal;Não Informado
Analista de Dados Pleno | Convênios;Grupo Panvel;Híbrido;https://corporativopanvel.gupy.io/job/eyJqb2JJZCI6MTA2MzY2ODgsInNvdXJjZSI6Imd1cHlfcG9ydGFsIn0=?jobBoardSource=gupy_portal;Pleno
Analista Júnior de Dados e Gestão da Informação | Urba;Venha construir o futuro com a gente!;Presencial;https://vagas-mrveco.gupy.io/job/eyJqb2JJZCI6MTA2MzM3NzksInNvdXJjZSI6Imd1cHlfcG9ydGFsIn0=?jobBoardSource=gupy_portal;Não Informado
ANALISTA DADOS SENIOR;Bernoulli Educação;Remoto;https://bernoullieducacao.gupy.io/job/eyJqb2JJZCI6MTA2MzM5MDAsInNvdXJjZSI6Imd1cHlfcG9ydGFsIn0=?jobBoardSource=gupy_portal;Sênior
Assessor(a) de Controles Internos (Análise de Dados) - Central Sicredi Centro Norte;Sicredi;Presencial;https://sicredi.gupy.io/job/eyJqb2JJZCI6MTA2Mjg1NjIsInNvdXJjZSI6Imd1cHlfcG9ydGFsIn0=?jobBoardSource=gupy_portal;Não Informado
Analista de Dados/DBM Pleno;Vagas Banco Sofisa;Híbrido;https://bancosofisa.gupy.io/job/eyJqb2JJZCI6MTA2MjEwNzksInNvdXJjZSI6Imd1cHlfcG9ydGFsIn0=?jobBoardSource=gupy_portal;Pleno
Administrador de Dados Pl. ;PagBank;Híbrido;https://pagseguro.gupy.io/job/eyJqb2JJZCI6MTA2MDgwNTIsInNvdXJjZSI6Imd1cHlfcG9ydGFsIn0=?jobBoardSource=gupy_portal;Pleno
Assistente de Dados ;#TimeGO – Vem Fazer Parte!;Presencial;https://goeyewear.gupy.io/job/eyJqb2JJZCI6MTA2MjYyNjUsInNvdXJjZSI6Imd1cHlfcG9ydGFsIn0=?jobBoardSource=gupy_portal;Não Informado
Engenheiro de Dados Sênior;RD Saúde;Remoto;https://rdsaude-corporativo.gupy.io/job/eyJqb2JJZCI6MTA2MjcwMTAsInNvdXJjZSI6Imd1cHlfcG9ydGFsIn0=?jobBoardSource=gupy_portal;Sênior
Gerente Exec. Arquitetura Dados e Inteligência Artificial;Carreiras Ypê;Híbrido;https://carreirasype.gupy.io/job/eyJqb2JJZCI6MTA2MjM5MTEsInNvdXJjZSI6Imd1cHlfcG9ydGFsIn0=?jobBoardSource=gupy_portal;Não Informado
FÁCIL ASSIST | CIENTISTA DE DADOS;Fácil Assist;Remoto;https://facilassist.gupy.io/job/eyJqb2JJZCI6MTAzNDkxMjYsInNvdXJjZSI6Imd1cHlfcG9ydGFsIn0=?jobBoardSource=gupy_portal;Não Informado
Analista de Visualização de Dados  (Foco em Crédito e GCP);VENHA SER #SANGUELARANJA 🧡🚀;Híbrido;https://fcamara.gupy.io/job/eyJqb2JJZCI6MTA2MjA5NzcsInNvdXJjZSI6Imd1cHlfcG9ydGFsIn0=?jobBoardSource=gupy_portal;Não Informado
Engenheiro de Dados Júnior;Kaizen - A Casa da Autopeça;Presencial;https://kaizen.gupy.io/job/eyJqb2JJZCI6MTA2MTYwMzAsInNvdXJjZSI6Imd1cHlfcG9ydGFsIn0=?jobBoardSource=gupy_portal;Não Informado
Engenheiro de Dados Pleno;Kaizen - A Casa da Autopeça;Presencial;https://kaizen.gupy.io/job/eyJqb2JJZCI6MTA2MTU4NTMsInNvdXJjZSI6Imd1cHlfcG9ydGFsIn0=?jobBoardSource=gupy_portal;Pleno
Cientista de Dados;Usina Santa Adélia;Presencial;https://usinasantaadelia.gupy.io/job/eyJqb2JJZCI6MTA1OTgwNjksInNvdXJjZSI6Imd1cHlfcG9ydGFsIn0=?jobBoardSource=gupy_portal;Não Informado
Engenheiro de Dados Sênior (Remota);Extractta;Remoto;https://extractta.gupy.io/job/eyJqb2JJZCI6MTA1OTg1NDEsInNvdXJjZSI6Imd1cHlfcG9ydGFsIn0=?jobBoardSource=gupy_portal;Sênior
BANCO DE DADOS - MOTORISTA DE CAMINHÃO ;REDE CACIQUE;Presencial;https://redecacique.gupy.io/job/eyJqb2JJZCI6MTA1OTYxODIsInNvdXJjZSI6Imd1cHlfcG9ydGFsIn0=?jobBoardSource=gupy_portal;Não Informado
Cientista de Dados Pleno IA e Machine Learning;Agility;Presencial;https://somosagility.gupy.io/job/eyJqb2JJZCI6MTA1OTAwODgsInNvdXJjZSI6Imd1cHlfcG9ydGFsIn0=?jobBoardSource=gupy_portal;Pleno
CAS | Cientista de Dados - Foco em Recuperação de Crédito (Preferencialmente para mulheres e/ou pessoas negras);Sicredi;Híbrido;https://sicredi.gupy.io/job/eyJqb2JJZCI6MTA1NTQwOTQsInNvdXJjZSI6Imd1cHlfcG9ydGFsIn0=?jobBoardSource=gupy_portal;Não Informado
Estágio em Inteligência de Dados e Processos | Segurança do Trabalho;SLC Agrícola;Presencial;https://slcagricola.gupy.io/job/eyJqb2JJZCI6MTA0NzA0OTAsInNvdXJjZSI6Imd1cHlfcG9ydGFsIn0=?jobBoardSource=gupy_portal;Não Informado
Cientista de Dados Especialista | Empréstimos ;Riachuelo ;Remoto;https://riachuelo.gupy.io/job/eyJqb2JJZCI6MTA1ODYwODYsInNvdXJjZSI6Imd1cHlfcG9ydGFsIn0=?jobBoardSource=gupy_portal;Não Informado
Banco de Talentos - Coordenador (a) de Inteligência de Negócios/ Dados - SP;Confidencial;Híbrido;https://pagconfid.gupy.io/job/eyJqb2JJZCI6MTA1ODYxMzcsInNvdXJjZSI6Imd1cHlfcG9ydGFsIn0=?jobBoardSource=gupy_portal;Não Informado
Data Scientist Staff | IA & Ciência de Dados;Dasa Tecnologia;Híbrido;https://dasatecnologia.gupy.io/job/eyJqb2JJZCI6MTA0OTI1NjcsInNvdXJjZSI6Imd1cHlfcG9ydGFsIn0=?jobBoardSource=gupy_portal;Não Informado
Analista de Engenharia de Dados Sênior (Cartão);Não listadas (Externa);Híbrido;https://re-naolist-porto.gupy.io/job/eyJqb2JJZCI6MTA1Mjc4NjQsInNvdXJjZSI6Imd1cHlfcG9ydGFsIn0=?jobBoardSource=gupy_portal;Sênior
Engenheiro de Dados Sr;Grupo JCA;Híbrido;https://embarquejca.gupy.io/job/eyJqb2JJZCI6MTA1NjM1ODEsInNvdXJjZSI6Imd1cHlfcG9ydGFsIn0=?jobBoardSource=gupy_portal;Sênior
Analista Operações Pleno | Analista de Dados;Dasa;Presencial;https://dasacorp.gupy.io/job/eyJqb2JJZCI6MTA1NTY3NTgsInNvdXJjZSI6Imd1cHlfcG9ydGFsIn0=?jobBoardSource=gupy_portal;Pleno
Analista de Dados ;Espaçolaser;Presencial;https://corporativo-espacolaser.gupy.io/job/eyJqb2JJZCI6MTA1MTQ3MzcsInNvdXJjZSI6Imd1cHlfcG9ydGFsIn0=?jobBoardSource=gupy_portal;Não Informado
Estágio em Análise de Dados | Administração | Contabilidade;Solví - Soluções Para A Vida;Presencial;https://solvi.gupy.io/job/eyJqb2JJZCI6MTA1NTM5MTUsInNvdXJjZSI6Imd1cHlfcG9ydGFsIn0=?jobBoardSource=gupy_portal;Não Informado
Analista de Dados | Cresol Confederação (Presencial);Cresol Oficial;Presencial;https://cresolcarreiras.gupy.io/job/eyJqb2JJZCI6MTA1NDU5NDIsInNvdXJjZSI6Imd1cHlfcG9ydGFsIn0=?jobBoardSource=gupy_portal;Não Informado
Analista de Cadastro - Dados Mestres;Akiyama Group;Presencial;https://akiyama.gupy.io/job/eyJqb2JJZCI6MTA1MDE0NTYsInNvdXJjZSI6Imd1cHlfcG9ydGFsIn0=?jobBoardSource=gupy_portal;Não Informado
Engenheiro de Dados Pleno;Stefanini Group;Presencial;https://stefanini.gupy.io/job/eyJqb2JJZCI6MTA1Mjc2MjAsInNvdXJjZSI6Imd1cHlfcG9ydGFsIn0=?jobBoardSource=gupy_portal;Pleno
Engenheiro de Dados Pleno;Stefanini Group;Híbrido;https://stefanini.gupy.io/job/eyJqb2JJZCI6MTA1Mjc2MTgsInNvdXJjZSI6Imd1cHlfcG9ydGFsIn0=?jobBoardSource=gupy_portal;Pleno
MARIA FILÓ | Analista de Dados Pleno | E-commerce;AZZAS 2154 / GRUPO SOMA;Híbrido;https://gruposoma.gupy.io/job/eyJqb2JJZCI6MTA1MjkyMDUsInNvdXJjZSI6Imd1cHlfcG9ydGFsIn0=?jobBoardSource=gupy_portal;Pleno
Analista de Dados PL (Big Data);Close-up International;Híbrido;https://close-up-international.gupy.io/job/eyJqb2JJZCI6MTA1MjYzMjcsInNvdXJjZSI6Imd1cHlfcG9ydGFsIn0=?jobBoardSource=gupy_portal;Pleno
Analista de Dados Sênior;Venha construir o futuro com a gente!;Presencial;https://vagas-mrveco.gupy.io/job/eyJqb2JJZCI6MTA1MTQyOTgsInNvdXJjZSI6Imd1cHlfcG9ydGFsIn0=?jobBoardSource=gupy_portal;Sênior
Especialista de Dados (Vaga afirmativa para profissionais pretos e pardos);Daiichi Sankyo Brasil Farmacêutica ;Híbrido;https://dsbr.gupy.io/job/eyJqb2JJZCI6MTA1MTI3MjAsInNvdXJjZSI6Imd1cHlfcG9ydGFsIn0=?jobBoardSource=gupy_portal;Não Informado
Oportunidades: Governança de Dados | Grupo Autoglass;Grupo Autoglass Tech;Remoto;https://autoglasstech.gupy.io/job/eyJqb2JJZCI6MTA1MDM2OTIsInNvdXJjZSI6Imd1cHlfcG9ydGFsIn0=?jobBoardSource=gupy_portal;Não Informado
CAS | Engenharia de Dados - Foco em Controladoria;Sicredi;Remoto;https://sicredi.gupy.io/job/eyJqb2JJZCI6MTAzMzM3NTcsInNvdXJjZSI6Imd1cHlfcG9ydGFsIn0=?jobBoardSource=gupy_portal;Não Informado
Cientista de Dados Pleno;Comerc Energia;Híbrido;https://comerc.gupy.io/job/eyJqb2JJZCI6MTA0ODIwOTUsInNvdXJjZSI6Imd1cHlfcG9ydGFsIn0=?jobBoardSource=gupy_portal;Pleno
Coordenador(a) de Engenharia e Ciência de Dados (Curitiba-PR);AGROTIS;Presencial;https://agrotis.gupy.io/job/eyJqb2JJZCI6MTA1MDI4NzUsInNvdXJjZSI6Imd1cHlfcG9ydGFsIn0=?jobBoardSource=gupy_portal;Não Informado
Analista de Dados Pl - Growth (Mídia e Aquisição);Omie;Remoto;https://carreirasomie.gupy.io/job/eyJqb2JJZCI6MTA0NjEyMzEsInNvdXJjZSI6Imd1cHlfcG9ydGFsIn0=?jobBoardSource=gupy_portal;Pleno
Cientista de Dados;Claro;Presencial;https://vempraclaro.gupy.io/job/eyJqb2JJZCI6MTA0NjAzMzIsInNvdXJjZSI6Imd1cHlfcG9ydGFsIn0=?jobBoardSource=gupy_portal;Não Informado
Analista de Dados | Produtos e Jornada - SP ;Pottencial Seguradora;Híbrido;https://pottencial.gupy.io/job/eyJqb2JJZCI6MTA0ODc1MDAsInNvdXJjZSI6Imd1cHlfcG9ydGFsIn0=?jobBoardSource=gupy_portal;Não Informado
ESPECIALISTA TI DE GOVERNANÇA DE DADOS - MTZ;Azul Linhas Aéreas Brasileiras;Híbrido;https://voeazul.gupy.io/job/eyJqb2JJZCI6MTAyNDQ2OTEsInNvdXJjZSI6Imd1cHlfcG9ydGFsIn0=?jobBoardSource=gupy_portal;Não Informado
ANALISTA DE LOYALTY SÊNIOR (Foco em Dados);ALE Combustíveis;Híbrido;https://oportunidadesale.gupy.io/job/eyJqb2JJZCI6MTAzOTU4MzEsInNvdXJjZSI6Imd1cHlfcG9ydGFsIn0=?jobBoardSource=gupy_portal;Sênior
CIENTISTA DE DADOS SÊNIOR (REMOTO);Localiza&Co;Presencial;https://localiza.gupy.io/job/eyJqb2JJZCI6MTA0NTc5NzYsInNvdXJjZSI6Imd1cHlfcG9ydGFsIn0=?jobBoardSource=gupy_portal;Sênior
Eng de Dados Sr - Certificado Databricks;DB;Remoto;https://db.gupy.io/job/eyJqb2JJZCI6MTA0NTc1MDksInNvdXJjZSI6Imd1cHlfcG9ydGFsIn0=?jobBoardSource=gupy_portal;Sênior
Engenheiro de Dados Sênior;Minerva Foods Tecnologia – Inovação que conecta, tecnologia que transforma.;Remoto;https://minervatech.gupy.io/job/eyJqb2JJZCI6MTA0NTAwNDAsInNvdXJjZSI6Imd1cHlfcG9ydGFsIn0=?jobBoardSource=gupy_portal;Sênior
Engenheiro de IA e Dados Sênior;Redbelt Security;Híbrido;https://redbeltsecurity.gupy.io/job/eyJqb2JJZCI6MTA0MTMxNDEsInNvdXJjZSI6Imd1cHlfcG9ydGFsIn0=?jobBoardSource=gupy_portal;Sênior
Analista de Dados III (Sênior);Unimed Porto Alegre;Híbrido;https://unimedpoa.gupy.io/job/eyJqb2JJZCI6MTA0NTA5ODIsInNvdXJjZSI6Imd1cHlfcG9ydGFsIn0=?jobBoardSource=gupy_portal;Sênior
ANALISTA DE DADOS PLENO | BUSINESS INTELLIGENCE (BI) (Remoto);Localiza&Co;Remoto;https://localiza.gupy.io/job/eyJqb2JJZCI6MTAzMTE3MjgsInNvdXJjZSI6Imd1cHlfcG9ydGFsIn0=?jobBoardSource=gupy_portal;Pleno
19986-Administrador de Banco de Dados SR;Hitss Brasil;Presencial;https://globalhitss.gupy.io/job/eyJqb2JJZCI6MTA0MDA1OTAsInNvdXJjZSI6Imd1cHlfcG9ydGFsIn0=?jobBoardSource=gupy_portal;Sênior
Visagio Talentos - Formados: Engenheiro(a) de Dados NE [Sênior] ;v(dev);Híbrido;https://vdev.gupy.io/job/eyJqb2JJZCI6MTA0MzIyMzAsInNvdXJjZSI6Imd1cHlfcG9ydGFsIn0=?jobBoardSource=gupy_portal;Sênior
Visagio Talentos - Formados: Engenheiro(a) de Dados SP [Sênior] ;v(dev);Híbrido;https://vdev.gupy.io/job/eyJqb2JJZCI6MTA0MzIxNTMsInNvdXJjZSI6Imd1cHlfcG9ydGFsIn0=?jobBoardSource=gupy_portal;Sênior
Visagio Talentos - Formados: Engenheiro(a) de Dados RJ [Sênior];v(dev);Híbrido;https://vdev.gupy.io/job/eyJqb2JJZCI6MTA0MzIwNTMsInNvdXJjZSI6Imd1cHlfcG9ydGFsIn0=?jobBoardSource=gupy_portal;Sênior
Visagio Talentos - Recém-Formados: Engenheiro(a) de Dados NE;v(dev);Híbrido;https://vdev.gupy.io/job/eyJqb2JJZCI6MTA0MjE0ODUsInNvdXJjZSI6Imd1cHlfcG9ydGFsIn0=?jobBoardSource=gupy_portal;Não Informado
Visagio Talentos - Recém-Formados: Engenheiro(a) de Dados SP;v(dev);Híbrido;https://vdev.gupy.io/job/eyJqb2JJZCI6MTA0MjEyMDIsInNvdXJjZSI6Imd1cHlfcG9ydGFsIn0=?jobBoardSource=gupy_portal;Não Informado
Visagio Talentos - Recém-Formados: Engenheiro(a) de Dados RJ;v(dev);Híbrido;https://vdev.gupy.io/job/eyJqb2JJZCI6MTA0MjEwNDksInNvdXJjZSI6Imd1cHlfcG9ydGFsIn0=?jobBoardSource=gupy_portal;Não Informado
JOVEM APRENDIZ - BANCO DE DADOS REDE CACIQUE;REDE CACIQUE;Presencial;https://redecacique.gupy.io/job/eyJqb2JJZCI6MTA0MTM2MDYsInNvdXJjZSI6Imd1cHlfcG9ydGFsIn0=?jobBoardSource=gupy_portal;Não Informado
Analista Dados Jr;BANCO DAYCOVAL;Presencial;https://bancodaycoval.gupy.io/job/eyJqb2JJZCI6MTA0MDUxMTQsInNvdXJjZSI6Imd1cHlfcG9ydGFsIn0=?jobBoardSource=gupy_portal;Júnior
Administrador de Banco de Dados I | Grupo Autoglass;Grupo Autoglass Tech;Híbrido;https://autoglasstech.gupy.io/job/eyJqb2JJZCI6MTAzNjEzODgsInNvdXJjZSI6Imd1cHlfcG9ydGFsIn0=?jobBoardSource=gupy_portal;Não Informado
ANALISTA DEV. BANCO DE DADOS SQL | HOME OFFICE;Solinftec;Remoto;https://solinftec.gupy.io/job/eyJqb2JJZCI6MTAwNzMwMzgsInNvdXJjZSI6Imd1cHlfcG9ydGFsIn0=?jobBoardSource=gupy_portal;Não Informado
CIENTISTA DE DADOS | HOME OFFICE;Solinftec;Remoto;https://solinftec.gupy.io/job/eyJqb2JJZCI6MTAwNzI3NDYsInNvdXJjZSI6Imd1cHlfcG9ydGFsIn0=?jobBoardSource=gupy_portal;Não Informado
Coordenador(a) de Ciência de Dados - Afirmativa para Mulheres;Porto;Presencial;https://porto.gupy.io/job/eyJqb2JJZCI6MTAzNDI2NzMsInNvdXJjZSI6Imd1cHlfcG9ydGFsIn0=?jobBoardSource=gupy_portal;Não Informado
Analista de Dados - Sênior ;SSA - São Salvador Alimentos;Presencial;https://ssa.gupy.io/job/eyJqb2JJZCI6MTAzMjEzMzYsInNvdXJjZSI6Imd1cHlfcG9ydGFsIn0=?jobBoardSource=gupy_portal;Sênior
Pessoa Analista de Dados PL (DataViz);Livelo Tech;Híbrido;https://livelotech.gupy.io/job/eyJqb2JJZCI6MTAzMzE2ODMsInNvdXJjZSI6Imd1cHlfcG9ydGFsIn0=?jobBoardSource=gupy_portal;Pleno
Analista de Dados Pl;Eurofarma;Híbrido;https://eurofarma.gupy.io/job/eyJqb2JJZCI6MTAzMzAzODUsInNvdXJjZSI6Imd1cHlfcG9ydGFsIn0=?jobBoardSource=gupy_portal;Pleno
ANALISTA DE DADOS PL (RIBEIRÃO PRETO);Premix;Presencial;https://premix.gupy.io/job/eyJqb2JJZCI6MTAzMjUxMzksInNvdXJjZSI6Imd1cHlfcG9ydGFsIn0=?jobBoardSource=gupy_portal;Pleno
Analista de Dados Pleno ;Solví - Soluções Para A Vida;Presencial;https://solvi.gupy.io/job/eyJqb2JJZCI6MTAzMDYzMDcsInNvdXJjZSI6Imd1cHlfcG9ydGFsIn0=?jobBoardSource=gupy_portal;Pleno
ENGENHEIRO DE DADOS SÊNIOR;Oportunidades;Remoto;https://bancorbras.gupy.io/job/eyJqb2JJZCI6MTAzMDY5NzAsInNvdXJjZSI6Imd1cHlfcG9ydGFsIn0=?jobBoardSource=gupy_portal;Sênior
ENGENHEIRO DE DADOS PLENO;Oportunidades;Remoto;https://bancorbras.gupy.io/job/eyJqb2JJZCI6MTAzMDY2NjksInNvdXJjZSI6Imd1cHlfcG9ydGFsIn0=?jobBoardSource=gupy_portal;Pleno
Auxiliar de Dados - Vendas Atacado;R Damásio;Presencial;https://rdamasio.gupy.io/job/eyJqb2JJZCI6MTAzMDA4ODEsInNvdXJjZSI6Imd1cHlfcG9ydGFsIn0=?jobBoardSource=gupy_portal;Não Informado
Cientista de Dados Senior;Novas oportunidades na Onfly!;Híbrido;https://onfly.gupy.io/job/eyJqb2JJZCI6MTAyODI0MjcsInNvdXJjZSI6Imd1cHlfcG9ydGFsIn0=?jobBoardSource=gupy_portal;Sênior
Estagiário(a) em Dados e Relatórios de Marketing | Grupo Autoglass;Grupo Autoglass Estágio;Presencial;https://autoglassestagio.gupy.io/job/eyJqb2JJZCI6MTAxODU5NjUsInNvdXJjZSI6Imd1cHlfcG9ydGFsIn0=?jobBoardSource=gupy_portal;Não Informado
Especialista em Engenharia de Dados;Logcomex;Híbrido;https://logcomex.gupy.io/job/eyJqb2JJZCI6MTAyNjQwOTksInNvdXJjZSI6Imd1cHlfcG9ydGFsIn0=?jobBoardSource=gupy_portal;Não Informado
Cientista de Dados PL;Logcomex;Híbrido;https://logcomex.gupy.io/job/eyJqb2JJZCI6MTAyNjM5NjgsInNvdXJjZSI6Imd1cHlfcG9ydGFsIn0=?jobBoardSource=gupy_portal;Pleno
CAS | Analista de Dados - Foco em Concessão de Crédito e Garantias;Sicredi;Híbrido;https://sicredi.gupy.io/job/eyJqb2JJZCI6MTAxMTU0OTgsInNvdXJjZSI6Imd1cHlfcG9ydGFsIn0=?jobBoardSource=gupy_portal;Não Informado
Especialista de Engenharia de Dados;Flora Cosméticos e Limpeza;Presencial;https://flora.gupy.io/job/eyJqb2JJZCI6MTAxODA5MDgsInNvdXJjZSI6Imd1cHlfcG9ydGFsIn0=?jobBoardSource=gupy_portal;Não Informado
Cientista de Dados;Claro;Presencial;https://vempraclaro.gupy.io/job/eyJqb2JJZCI6MTAxOTk0MTEsInNvdXJjZSI6Imd1cHlfcG9ydGFsIn0=?jobBoardSource=gupy_portal;Não Informado
Analista de Dados;ABT Atividades;Híbrido;https://abtatividades.gupy.io/job/eyJqb2JJZCI6MTAyMTM2MTgsInNvdXJjZSI6Imd1cHlfcG9ydGFsIn0=?jobBoardSource=gupy_portal;Não Informado
Engenheiro de Dados I - ODI | Grupo Autoglass;Grupo Autoglass Tech;Remoto;https://autoglasstech.gupy.io/job/eyJqb2JJZCI6MTAxNDkyNDEsInNvdXJjZSI6Imd1cHlfcG9ydGFsIn0=?jobBoardSource=gupy_portal;Não Informado
Estagiário de Dados Acadêmicos;Edify Education;Híbrido;https://edifyeducation.gupy.io/job/eyJqb2JJZCI6MTAxODUwMTYsInNvdXJjZSI6Imd1cHlfcG9ydGFsIn0=?jobBoardSource=gupy_portal;Não Informado
Engenheiro de Dados Sr. (GCP);UOL;Híbrido;https://uol.gupy.io/job/eyJqb2JJZCI6MTAwODA2MzMsInNvdXJjZSI6Imd1cHlfcG9ydGFsIn0=?jobBoardSource=gupy_portal;Sênior
Analista de Dados I | Grupo Autoglass;Grupo Autoglass Administrativo;Híbrido;https://autoglassadministrativo.gupy.io/job/eyJqb2JJZCI6MTAwNTQ2NjgsInNvdXJjZSI6Imd1cHlfcG9ydGFsIn0=?jobBoardSource=gupy_portal;Não Informado
Especialista de Banco de Dados - Marketing;Dexco;Presencial;https://dexco.gupy.io/job/eyJqb2JJZCI6MTAxMjI4MTMsInNvdXJjZSI6Imd1cHlfcG9ydGFsIn0=?jobBoardSource=gupy_portal;Não Informado
Coordenador de Dados ;Beep Saúde ;Híbrido;https://beepsaude.gupy.io/job/eyJqb2JJZCI6MTAxMTMzNzYsInNvdXJjZSI6Imd1cHlfcG9ydGFsIn0=?jobBoardSource=gupy_portal;Não Informado
OPERADOR DE PROCESSAMENTOS DE DADOS  - GRUSSAÍ/RJ;Barcelos;Presencial;https://barcelos.gupy.io/job/eyJqb2JJZCI6MTAxMjA4OTIsInNvdXJjZSI6Imd1cHlfcG9ydGFsIn0=?jobBoardSource=gupy_portal;Não Informado
Analista de Dados Sênior - Experiência ao Cliente;ZAMP;Híbrido;https://zamp.gupy.io/job/eyJqb2JJZCI6MTAxMDU5MjcsInNvdXJjZSI6Imd1cHlfcG9ydGFsIn0=?jobBoardSource=gupy_portal;Sênior
Especialista em Análise de Dados — Business Operations Excellence (Barra Funda/SP);Ecolab;Híbrido;https://ecolab.gupy.io/job/eyJqb2JJZCI6MTAwNzgyNDAsInNvdXJjZSI6Imd1cHlfcG9ydGFsIn0=?jobBoardSource=gupy_portal;Não Informado
ENGENHEIRO DE DADOS SENIOR;Localiza&Co;Remoto;https://localiza.gupy.io/job/eyJqb2JJZCI6MTAwMTU2MzUsInNvdXJjZSI6Imd1cHlfcG9ydGFsIn0=?jobBoardSource=gupy_portal;Sênior
ESPECIALISTA EM CIENCIAS DE DADOS ;Localiza&Co;Remoto;https://localiza.gupy.io/job/eyJqb2JJZCI6MTAwMzM0MTcsInNvdXJjZSI6Imd1cHlfcG9ydGFsIn0=?jobBoardSource=gupy_portal;Não Informado
Engenheiro (a) de Dados;Portobello Grupo;Híbrido;https://portobello.gupy.io/job/eyJqb2JJZCI6MTAwNjE3ODUsInNvdXJjZSI6Imd1cHlfcG9ydGFsIn0=?jobBoardSource=gupy_portal;Não Informado
Engenheiro de Dados ;Beep Saúde ;Híbrido;https://beepsaude.gupy.io/job/eyJqb2JJZCI6MTAwNjEzODIsInNvdXJjZSI6Imd1cHlfcG9ydGFsIn0=?jobBoardSource=gupy_portal;Não Informado
Especialista de Dados | Data-Ops Lead (Arch-Sec) ;Beep Saúde ;Híbrido;https://beepsaude.gupy.io/job/eyJqb2JJZCI6MTAwNTgzMTIsInNvdXJjZSI6Imd1cHlfcG9ydGFsIn0=?jobBoardSource=gupy_portal;Não Informado
Analista de Dados / BI ;Beep Saúde ;Híbrido;https://beepsaude.gupy.io/job/eyJqb2JJZCI6MTAwNTgwNzUsInNvdXJjZSI6Imd1cHlfcG9ydGFsIn0=?jobBoardSource=gupy_portal;Não Informado
Arquiteto de Soluções I - Dados | Grupo Autoglass;Grupo Autoglass Tech;Remoto;https://autoglasstech.gupy.io/job/eyJqb2JJZCI6OTkwMTgxNiwic291cmNlIjoiZ3VweV9wb3J0YWwifQ==?jobBoardSource=gupy_portal;Não Informado
Administrador de Dados;Certsys;Remoto;https://certsys.gupy.io/job/eyJqb2JJZCI6MTAwMjk0NjQsInNvdXJjZSI6Imd1cHlfcG9ydGFsIn0=?jobBoardSource=gupy_portal;Não Informado
Engenheiro(a) de Dados;Centro de Excelência Votorantim;Híbrido;https://votorantimcoe.gupy.io/job/eyJqb2JJZCI6Njc3ODQ5Niwic291cmNlIjoiZ3VweV9wb3J0YWwifQ==?jobBoardSource=gupy_portal;Não Informado
Analista de Governança de Dados Pleno;Afya ;Híbrido;https://afya.gupy.io/job/eyJqb2JJZCI6MTAwMTQ2MzQsInNvdXJjZSI6Imd1cHlfcG9ydGFsIn0=?jobBoardSource=gupy_portal;Pleno
Analista de Inteligência de Dados Sênior - Cariacica/ES;Nutrien Soluções Agrícolas;Presencial;https://vagasnutrien.gupy.io/job/eyJqb2JJZCI6MTAwMDM0NTAsInNvdXJjZSI6Imd1cHlfcG9ydGFsIn0=?jobBoardSource=gupy_portal;Sênior
Especialista em Dados - Planejamento Estratégico - RJ | GO | ES | SP | MG;BrasilCenter Comunicações;Presencial;https://vemprabcc.gupy.io/job/eyJqb2JJZCI6OTk5NTY3Mywic291cmNlIjoiZ3VweV9wb3J0YWwifQ==?jobBoardSource=gupy_portal;Pleno
Pessoa Analista de Inteligência de Dados Sênior ;Grupo Marista;Híbrido;https://grupomarista.gupy.io/job/eyJqb2JJZCI6OTk3MDk4MSwic291cmNlIjoiZ3VweV9wb3J0YWwifQ==?jobBoardSource=gupy_portal;Sênior
CIENTISTA DE DADOS | EXCLUSIVA PARA PESSOAS COM DEFICIÊNCIA (PCD);ClearSale;Remoto;https://clearsale.gupy.io/job/eyJqb2JJZCI6OTk1OTcxNCwic291cmNlIjoiZ3VweV9wb3J0YWwifQ==?jobBoardSource=gupy_portal;Não Informado
Analista de Dados Pleno (Banco de Talentos);Light Conecta;Presencial;https://lightconecta.gupy.io/job/eyJqb2JJZCI6OTkzMzQ4NSwic291cmNlIjoiZ3VweV9wb3J0YWwifQ==?jobBoardSource=gupy_portal;Pleno
Analista de Dados Sr - BeFly ;BeFly;Presencial;https://befly.gupy.io/job/eyJqb2JJZCI6OTY3ODI4NCwic291cmNlIjoiZ3VweV9wb3J0YWwifQ==?jobBoardSource=gupy_portal;Sênior
Administrador em segurança da informação de Banco de dados e LGPD – Sênior;Lanlink Informática;Híbrido;https://vempralanlink.gupy.io/job/eyJqb2JJZCI6OTc4MzM1NSwic291cmNlIjoiZ3VweV9wb3J0YWwifQ==?jobBoardSource=gupy_portal;Sênior
[Ambev Global Tech] Cientista de Dados Sênior - LOG;Ambev Tech;Presencial;https://ambevtech.gupy.io/job/eyJqb2JJZCI6OTc1OTc2NCwic291cmNlIjoiZ3VweV9wb3J0YWwifQ==?jobBoardSource=gupy_portal;Sênior
Administrador de banco de dados PostgreSQL- Pleno;Lanlink Informática;Híbrido;https://vempralanlink.gupy.io/job/eyJqb2JJZCI6OTczNzM5OSwic291cmNlIjoiZ3VweV9wb3J0YWwifQ==?jobBoardSource=gupy_portal;Pleno
Analista de Redes e de Comunicação de Dados - Sênior;Lanlink Informática;Híbrido;https://vempralanlink.gupy.io/job/eyJqb2JJZCI6OTczOTE4MCwic291cmNlIjoiZ3VweV9wb3J0YWwifQ==?jobBoardSource=gupy_portal;Sênior
Administrador de Banco de Dados Oracle -Sênior;Lanlink Informática;Híbrido;https://vempralanlink.gupy.io/job/eyJqb2JJZCI6OTczNzMyNiwic291cmNlIjoiZ3VweV9wb3J0YWwifQ==?jobBoardSource=gupy_portal;Sênior
Administrador de banco de dados - Pleno;Lanlink Informática;Híbrido;https://vempralanlink.gupy.io/job/eyJqb2JJZCI6OTczNzI2Mywic291cmNlIjoiZ3VweV9wb3J0YWwifQ==?jobBoardSource=gupy_portal;Pleno
Administrador de banco de dados PostgreSQL- Sênior ;Lanlink Informática;Híbrido;https://vempralanlink.gupy.io/job/eyJqb2JJZCI6OTczNzQ3OSwic291cmNlIjoiZ3VweV9wb3J0YWwifQ==?jobBoardSource=gupy_portal;Sênior
CIENTISTA DE DADOS - MATRIZ ADMINISTRATIVA;Instituto de Responsabilidade Social Sírio-Libanês;Híbrido;https://irssl.gupy.io/job/eyJqb2JJZCI6OTYwODY4Mywic291cmNlIjoiZ3VweV9wb3J0YWwifQ==?jobBoardSource=gupy_portal;Não Informado
Banco de Talentos - Área de Dados;Ingram Micro;Híbrido;https://brlink.gupy.io/job/eyJqb2JJZCI6OTY1OTIwMywic291cmNlIjoiZ3VweV9wb3J0YWwifQ==?jobBoardSource=gupy_portal;Não Informado
Analista de Dados Sr. (Governança);PagBank;Híbrido;https://pagseguro.gupy.io/job/eyJqb2JJZCI6OTYwNTM3Niwic291cmNlIjoiZ3VweV9wb3J0YWwifQ==?jobBoardSource=gupy_portal;Sênior
Analista de Dados| Ciclo de Crédito -  Sede Administrativa, Palotina/PR ;Sicredi;Presencial;https://sicredi.gupy.io/job/eyJqb2JJZCI6OTU2MzMwMSwic291cmNlIjoiZ3VweV9wb3J0YWwifQ==?jobBoardSource=gupy_portal;Não Informado
"Banco de Talentos Tecnologia e Dados para Pessoas com Deficiência - Vem ser grupo OLX ;)";Grupo OLX;Remoto;https://vemsergrupoolx.gupy.io/job/eyJqb2JJZCI6OTUwMzk1MSwic291cmNlIjoiZ3VweV9wb3J0YWwifQ==?jobBoardSource=gupy_portal;Não Informado
Hitss | Especialista de Dados;Hitss Brasil;Remoto;https://globalhitss.gupy.io/job/eyJqb2JJZCI6OTQxMTYzMywic291cmNlIjoiZ3VweV9wb3J0YWwifQ==?jobBoardSource=gupy_portal;Não Informado
Engenheiro de Dados Sr (4145) ;Keep Simple;Remoto;https://keepsimple.gupy.io/job/eyJqb2JJZCI6OTEwNTE3MCwic291cmNlIjoiZ3VweV9wb3J0YWwifQ==?jobBoardSource=gupy_portal;Sênior
Não encontrou uma vaga com seu perfil? Cadastre seus dados aqui!! (CÓPIA);Qualidados;Presencial;https://qualidados.gupy.io/job/eyJqb2JJZCI6ODg2MDgxMCwic291cmNlIjoiZ3VweV9wb3J0YWwifQ==?jobBoardSource=gupy_portal;Não Informado
Visagio Talentos - Recém-Formados: Engenheiro(a) de Dados RJ ;v(dev);Híbrido;https://vdev.gupy.io/job/eyJqb2JJZCI6ODc3MjkyMiwic291cmNlIjoiZ3VweV9wb3J0YWwifQ==?jobBoardSource=gupy_portal;Não Informado
Banco de Talentos - Centro de Inteligência (Dados);Venha construir o futuro com a gente!;Presencial;https://vagas-mrveco.gupy.io/job/eyJqb2JJZCI6ODIwNTA1Nywic291cmNlIjoiZ3VweV9wb3J0YWwifQ==?jobBoardSource=gupy_portal;Não Informado
Banco de Talentos - Profissionais de Dados;#SejaShopper;Remoto;https://shopper.gupy.io/job/eyJqb2JJZCI6ODA3NjAyNSwic291cmNlIjoiZ3VweV9wb3J0YWwifQ==?jobBoardSource=gupy_portal;Não Informado
Analista de Dados | Guararapes ;Riachuelo ;Presencial;https://riachuelo.gupy.io/job/eyJqb2JJZCI6NzUyMzk4Mywic291cmNlIjoiZ3VweV9wb3J0YWwifQ==?jobBoardSource=gupy_portal;Não Informado
CIENTISTA DE DADOS PLENO - MONITORAMENTO (100)% REMOTO) - VAGA AFIRMATIVA PARA PESSOAS COM DEFICIÊNCIA E PESSOAS NEGRAS;ClearSale;Remoto;https://clearsale.gupy.io/job/eyJqb2JJZCI6NjgwMzU4Niwic291cmNlIjoiZ3VweV9wb3J0YWwifQ==?jobBoardSource=gupy_portal;Pleno
Carreiras de Dados  🧡 Exclusiva para Profissionais com Deficiência ;Itaú Unibanco;Híbrido;https://vemproitau.gupy.io/job/eyJqb2JJZCI6NTI0NzA0Miwic291cmNlIjoiZ3VweV9wb3J0YWwifQ==?jobBoardSource=gupy_portal;Não Informado
Product Owner Dados;Account Manager Jr;Presencial;https://taking&140986&inactive.gupy.io/job/eyJqb2JJZCI6NTA0MTU3Niwic291cmNlIjoiZ3VweV9wb3J0YWwifQ==?jobBoardSource=gupy_portal;Não Informado
Estagiário de Ciência de Dados;SYOS;Presencial;https://syos&65284&inactive.gupy.io/job/eyJqb2JJZCI6NDc1MTkzOSwic291cmNlIjoiZ3VweV9wb3J0YWwifQ==?jobBoardSource=gupy_portal;Não Informado
Analista de Banco de Dados;Welcome The Future;Não informado;https://wtf.gupy.io/job/eyJqb2JJZCI6NDQ3OTcxOSwic291cmNlIjoiZ3VweV9wb3J0YWwifQ==?jobBoardSource=gupy_portal;Não Informado
Analista de Dados;Ewave do Brasil;Presencial;https://vagasewave.gupy.io/job/eyJqb2JJZCI6NDAyNDY4Miwic291cmNlIjoiZ3VweV9wb3J0YWwifQ==?jobBoardSource=gupy_portal;Não Informado
Banco de Talentos | Analista de Dados Freelancers ;Porsche Cup Brasil;Presencial;https://porschegt3cup.gupy.io/job/eyJqb2JJZCI6Mzk0Njc5MSwic291cmNlIjoiZ3VweV9wb3J0YWwifQ==?jobBoardSource=gupy_portal;Não Informado
Cientista de Dados;Ewave do Brasil;Remoto;https://vagasewave.gupy.io/job/eyJqb2JJZCI6Mzk0NTk0MSwic291cmNlIjoiZ3VweV9wb3J0YWwifQ==?jobBoardSource=gupy_portal;Não Informado
Engenheiro de Dados PL/SR;Eng4tech;Remoto;https://eng4tech.gupy.io/job/eyJqb2JJZCI6Mzc2OTM0OCwic291cmNlIjoiZ3VweV9wb3J0YWwifQ==?jobBoardSource=gupy_portal;Pleno
Engenheiro de Dados;Eng4tech;Remoto;https://eng4tech.gupy.io/job/eyJqb2JJZCI6MzY4MjUxNCwic291cmNlIjoiZ3VweV9wb3J0YWwifQ==?jobBoardSource=gupy_portal;Não Informado
Analista de dados;Grupo Skytech;Presencial;https://gruposkytech&76015&inactive.gupy.io/job/eyJqb2JJZCI6MzMzNzI2Nywic291cmNlIjoiZ3VweV9wb3J0YWwifQ==?jobBoardSource=gupy_portal;Não Informado
Banco de Talentos - Dados/BI/Analytics;Vivo Digital;Presencial;https://vivodigital.gupy.io/job/eyJqb2JJZCI6MjE0NTQ4MCwic291cmNlIjoiZ3VweV9wb3J0YWwifQ==?jobBoardSource=gupy_portal;Não Informado
Banco de Talentos - Analista de Dados/ Analista de BI ou Cientista de Dados;Globalsys Soluções em TI;Não informado;https://queroserglobalsys.gupy.io/job/eyJqb2JJZCI6OTM5MzkxLCJzb3VyY2UiOiJndXB5X3BvcnRhbCJ9?jobBoardSource=gupy_portal;Não Informado
Analista de Dados;Trial Estrutura Organizacional;Presencial;https://trialeo&2763&inactive.gupy.io/job/eyJqb2JJZCI6OTE1MzI0LCJzb3VyY2UiOiJndXB5X3BvcnRhbCJ9?jobBoardSource=gupy_portal;Não Informado
Engenheiro(a) de Dados;Nestlé;Presencial;https://nestle&3680&inactive.gupy.io/job/eyJqb2JJZCI6NzE4NjI2LCJzb3VyY2UiOiJndXB5X3BvcnRhbCJ9?jobBoardSource=gupy_portal;Não Informado
